date,rolling_return,rolling_volatility,rolling_correlation,regime_cluster,regime,dataset
2024-02-01,3.219463727186988e-05,0.16418755079739414,0.24149167179988912,0,Defensive,train
2024-02-02,0.0003289471758664009,0.1625573701463055,0.23412326931126767,0,Defensive,train
2024-02-05,0.0009800029094991585,0.1613387111706147,0.2454930228902464,2,Calm,train
2024-02-06,0.0005350922021374678,0.16240172980738327,0.2503775339228013,0,Defensive,train
2024-02-07,0.0007300394713723795,0.16480036116565766,0.238092114118193,2,Calm,train
2024-02-08,0.001314720167525086,0.15740460434153722,0.1899161417031167,2,Calm,train
2024-02-09,0.0010240999663596521,0.15903885653209765,0.1832118544388885,2,Calm,train
2024-02-12,0.0011431335075820258,0.15986471111754932,0.1834857003689768,2,Calm,train
2024-02-13,0.0006879354253070739,0.16449564886982154,0.20211061586322648,2,Calm,train
2024-02-14,-8.329959487923789e-05,0.14483005375354435,0.15944075876582448,0,Defensive,train
2024-02-15,-0.0003565507271054409,0.14119786176687305,0.13781710556652693,0,Defensive,train
2024-02-16,-0.00011032776448514407,0.14125005910261892,0.13975956017179333,2,Calm,train
2024-02-19,0.0010348377084693188,0.1266356070660081,0.12650551750460218,2,Calm,train
2024-02-20,0.0012440762264023057,0.12652715104114257,0.13203752725382195,2,Calm,train
2024-02-21,0.0009033855377048296,0.12474545109621199,0.11685777825031031,2,Calm,train
2024-02-22,0.0015351129512459684,0.10525445580849394,0.07254341378910803,2,Calm,train
2024-02-23,0.0016974305977186233,0.10830313446170176,0.08615024431935862,2,Calm,train
2024-02-26,0.0018274784326152607,0.10680304186936547,0.08209526563503945,2,Calm,train
2024-02-27,0.0010171716709467214,0.09624512724511097,0.08241804610121062,2,Calm,train
2024-02-28,0.0017184141059692882,0.08797058985047941,0.05440810300577065,2,Calm,train
2024-02-29,0.0011274736752829482,0.09316751383158815,0.08034521429289884,2,Calm,train
2024-03-01,0.001174174677143069,0.0930452332196194,0.08540364181027714,2,Calm,train
2024-03-04,0.001767535395806027,0.1093527609079207,0.1368138158391686,2,Calm,train
2024-03-05,0.0020782070775060483,0.10632214741793727,0.1270469038890726,2,Calm,train
2024-03-06,0.0013251638636703515,0.10454422188945611,0.14400372843119488,2,Calm,train
2024-03-07,0.0016383358360984907,0.10520713311065243,0.15360790196578317,2,Calm,train
2024-03-11,0.0019997483731770114,0.10215966268424782,0.16320340767307975,2,Calm,train
2024-03-12,0.0012145260370206817,0.10813212463468631,0.20135801001132933,2,Calm,train
2024-03-13,0.001806226401165078,0.09990892886116708,0.16621181944790317,2,Calm,train
2024-03-14,0.0012568417334621156,0.09927709548241848,0.12228671791379976,2,Calm,train
2024-03-15,0.0013004065597853561,0.09966872976692555,0.12748346483075818,2,Calm,train
2024-03-18,0.000830616052950551,0.10385895731235742,0.1537186610819518,2,Calm,train
2024-03-19,0.0004182759878157786,0.10309573570567303,0.15064115387918284,2,Calm,train
2024-03-20,-0.00047075696769718087,0.11576645609028335,0.19802481418255674,0,Defensive,train
2024-03-21,-0.0002929986072091734,0.1167008035458753,0.20309436723607358,0,Defensive,train
2024-03-22,0.00032246422779994715,0.11712037632847858,0.21374037265716941,2,Calm,train
2024-03-26,-0.00021477461910221469,0.110388190398949,0.19633596076961085,0,Defensive,train
2024-03-27,-0.0004049141005263059,0.11184323405529237,0.2037184798254462,0,Defensive,train
2024-03-28,-0.00011645173642264362,0.11283181840324202,0.19582510842104986,2,Calm,train
2024-04-01,0.00010825710085097767,0.11623243206432199,0.21206363213113802,2,Calm,train
2024-04-02,0.0008148173040152784,0.11479641912577024,0.21120417326693142,2,Calm,train
2024-04-03,0.0006244256190426564,0.11564009640944757,0.20564332604443303,2,Calm,train
2024-04-04,-0.00026827222599721466,0.09598092206237743,0.1351139813572165,2,Calm,train
2024-04-05,-0.00014933475752041905,0.09678683511995222,0.12575338911520997,2,Calm,train
2024-04-08,0.0001555050679767803,0.09523289610955453,0.12237794165181927,2,Calm,train
2024-04-09,0.00014260080332406325,0.09504680366822418,0.11914089613675147,2,Calm,train
2024-04-10,-1.0467987831274273e-05,0.09481560031110248,0.10960084126048537,2,Calm,train
2024-04-12,0.0008187821239019038,0.09157810532183212,0.08209210066071938,2,Calm,train
2024-04-15,0.00017986383365449707,0.10025553790865335,0.1315705360222939,2,Calm,train
2024-04-16,-0.00033069471824254983,0.11122032770602562,0.22692580215004843,0,Defensive,train
2024-04-18,-0.0010701408027279848,0.11402207132172237,0.2506874281087909,0,Defensive,train
2024-04-19,-0.0009955266019974975,0.11310267801370671,0.24477600363133825,0,Defensive,train
2024-04-22,-0.00062410194235317,0.1146145393767534,0.2509594142197404,0,Defensive,train
2024-04-23,0.0006566797135969878,0.1085097518561244,0.2252116931191869,2,Calm,train
2024-04-24,0.0005543655047863508,0.10799070476936073,0.225076616575193,2,Calm,train
2024-04-25,0.00016425677595355027,0.10585237025778832,0.21587952396291052,2,Calm,train
2024-04-26,0.0008410149587405191,0.1160771658665572,0.2584122427216432,2,Calm,train
2024-04-29,0.0008243567277798174,0.11632115523951381,0.2592448965124578,2,Calm,train
2024-04-30,0.0013715751641682886,0.126426343881749,0.2940052231960645,2,Calm,train
2024-05-02,0.0006012806833985624,0.12628445101293126,0.3025934290411504,2,Calm,train
2024-05-03,0.0003865018104954105,0.12446659275251598,0.29936226927569004,0,Defensive,train
2024-05-06,0.0001430028668393892,0.1274453844589844,0.3093617264933962,0,Defensive,train
2024-05-07,1.527493975018858e-05,0.12779606720599793,0.29254230071951565,0,Defensive,train
2024-05-08,-0.0002536129522561614,0.12730794195839232,0.287227837425092,0,Defensive,train
2024-05-09,-0.0002604399358487051,0.12728809350358256,0.2760541687987019,0,Defensive,train
2024-05-10,-0.0013240410091150188,0.13721132836517796,0.28306824351803506,0,Defensive,train
2024-05-13,-0.001240574027742364,0.13740368411843176,0.2800863780733674,0,Defensive,train
2024-05-14,-0.001455191306112276,0.13467234753026638,0.26901604693584524,0,Defensive,train
2024-05-15,-0.0007188740746841679,0.13121897255253853,0.24209165881957556,0,Defensive,train
2024-05-16,-0.00013021247014613412,0.12205679435547376,0.20761424909583218,0,Defensive,train
2024-05-17,0.0008325644989063321,0.12116016335584454,0.2183629955496012,2,Calm,train
2024-05-21,0.001121340468834909,0.11882941580484477,0.2062975300332177,2,Calm,train
2024-05-22,0.000807187749277504,0.11844604304529618,0.218383533549733,2,Calm,train
2024-05-23,0.0005522642914194259,0.1140302471105732,0.20880715497212593,2,Calm,train
2024-05-24,0.0013762728780146367,0.13002323473578167,0.27175721476550047,2,Calm,train
2024-05-27,0.0013772995861355628,0.13001758152391185,0.26314499873071207,2,Calm,train
2024-05-28,0.0007088521060723227,0.12175975046860944,0.234180837965346,2,Calm,train
2024-05-29,0.000874600639868409,0.11998312564588635,0.22952851198712315,2,Calm,train
2024-05-30,-0.0003746926216095342,0.1135206742597207,0.2224331345313624,0,Defensive,train
2024-05-31,-0.00030989211405114546,0.1126636671079934,0.20394520650086537,0,Defensive,train
2024-06-03,-0.0002365468716669661,0.1132412447536936,0.2058974071601925,0,Defensive,train
2024-06-04,0.001956573502877911,0.16750053340485907,0.3454103951395734,1,High Volatility,train
2024-06-05,-0.0010516435942439482,0.2842676057661014,0.4550682855184401,1,High Volatility,train
2024-06-06,0.0002280398870873073,0.29742514384230534,0.500592347880221,1,High Volatility,train
2024-06-07,0.0010123953675856884,0.303171103285634,0.5203484357525429,1,High Volatility,train
2024-06-10,0.002709173326570563,0.3017234896243452,0.5419118609173605,1,High Volatility,train
2024-06-11,0.0024491933818763007,0.3027351796384503,0.5547911309272965,1,High Volatility,train
2024-06-12,0.002259821745438742,0.30293681485936313,0.5590105525865535,1,High Volatility,train
2024-06-13,0.002131034157424307,0.30288693754762636,0.5641993721197723,1,High Volatility,train
2024-06-14,0.002441562797260281,0.3025741716938216,0.5614939979667207,1,High Volatility,train
2024-06-18,0.0019260581723436643,0.301572313341135,0.5580481906709882,1,High Volatility,train
2024-06-19,0.0020913919605274134,0.3015516996266748,0.563497833074972,1,High Volatility,train
2024-06-20,0.0022407068047127646,0.30124887649021537,0.5420270975138763,1,High Volatility,train
2024-06-21,0.0021099207240851156,0.30099105132513576,0.5462896593700745,1,High Volatility,train
2024-06-24,0.0010140460810014605,0.29552124894902887,0.5267110557614251,1,High Volatility,train
2024-06-25,0.001121147620773173,0.2953954380857187,0.5275885971593531,1,High Volatility,train
2024-06-26,0.0017265124181331255,0.2980209828465504,0.5336480563484575,1,High Volatility,train
2024-06-27,0.002256498007674942,0.29843269380288023,0.5195282467223663,1,High Volatility,train
2024-06-28,0.0030199588640206225,0.2950408692141711,0.509097744080815,1,High Volatility,train
2024-07-01,0.0032039274586733607,0.2939463614835307,0.5052666667273733,1,High Volatility,train
2024-07-02,0.0033209719927504815,0.2941281264896333,0.5119554060245397,1,High Volatility,train
2024-07-03,0.0017190055828133356,0.2679014123141394,0.494787055062007,1,High Volatility,train
2024-07-04,0.005065362980350105,0.11778828803543773,0.24565052140822538,2,Calm,train
2024-07-05,0.004017758603587046,0.09524500348987873,0.14966603752586635,2,Calm,train
2024-07-08,0.0033221748043008384,0.08251685333868111,0.08018111308322594,2,Calm,train
2024-07-09,0.0025888997381995874,0.06216991557538142,-0.00468114277796416,2,Calm,train
2024-07-10,0.003034695612741265,0.05657693215413658,-0.026621333482523483,2,Calm,train
2024-07-11,0.002697859136931238,0.06670805119560409,0.013670983070243652,2,Calm,train
2024-07-12,0.0027231713221531487,0.06659647514305078,0.011204012020019314,2,Calm,train
2024-07-15,0.0032636541035243583,0.07964249137717234,0.024915579591096255,2,Calm,train
2024-07-16,0.0034675298002845695,0.07821392116027358,0.01473884173884199,2,Calm,train
2024-07-18,0.0033330034607375832,0.07877093529114111,0.01649452452926838,2,Calm,train
2024-07-19,0.003848926766525873,0.08369553480622809,0.044343179692581135,2,Calm,train
2024-07-22,0.0036150326742604077,0.0858658255093677,0.04920624970049208,2,Calm,train
2024-07-23,0.0035887542702501005,0.08648458118074426,0.03983282289756447,2,Calm,train
2024-07-24,0.003498968027118139,0.08747350204491111,0.025516489960446847,2,Calm,train
2024-07-25,0.0027409422785080696,0.08364625698135067,0.013649779636871374,2,Calm,train
2024-07-26,0.0023316278747148927,0.08162905342897205,0.008694052301878929,2,Calm,train
2024-07-29,0.002834156495942983,0.0934251776188601,0.05404124896395519,2,Calm,train
2024-07-30,0.003056215008454592,0.09191364286956555,0.05202933408516828,2,Calm,train
2024-07-31,0.002688978757528331,0.09232674675592836,0.055526746721416935,2,Calm,train
2024-08-01,0.0026095949087449133,0.09223525696861738,0.06816866899868072,2,Calm,train
2024-08-02,0.0023181096460635807,0.09318182048928347,0.07110216400207948,2,Calm,train
2024-08-05,0.0015031500526736354,0.1089142488088606,0.13192638018186745,2,Calm,train
2024-08-06,-0.00011031722568593406,0.1543823712561527,0.3301761059802453,0,Defensive,train
2024-08-07,-0.0003158185085106615,0.15390552991933062,0.32488902690116805,0,Defensive,train
2024-08-08,8.021145278871095e-05,0.1596281265807772,0.35396356926018196,0,Defensive,train
2024-08-09,8.566699203948779e-05,0.15955993827254777,0.3385093308440949,0,Defensive,train
2024-08-12,0.0005586165093620592,0.16441087888463976,0.3502768226598536,0,Defensive,train
2024-08-13,-0.00024911561571201767,0.15526924214647864,0.3703084369369955,0,Defensive,train
2024-08-14,-0.0008472120839883416,0.15741386872786012,0.3842376442932241,0,Defensive,train
2024-08-16,-0.0006189364864123742,0.1588862965776887,0.38374754001144507,0,Defensive,train
2024-08-19,-0.00035801415690802675,0.1651954800329711,0.4167171680208598,0,Defensive,train
2024-08-20,-0.00017832463521866675,0.16533751252476242,0.4175269953123493,0,Defensive,train
2024-08-21,0.0002311653269433014,0.16517859282279707,0.4538822036410707,1,High Volatility,train
2024-08-22,0.00034902715715960767,0.16516401899563038,0.5221048865392227,1,High Volatility,train
2024-08-23,0.0005971904499479339,0.16483557426312864,0.5116683522928097,1,High Volatility,train
2024-08-26,0.0004978735411139458,0.1650850759367103,0.535593639205165,1,High Volatility,train
2024-08-27,6.38867755161302e-05,0.15742280287154806,0.5197460050743782,1,High Volatility,train
2024-08-28,5.339160926304458e-05,0.1573763879317864,0.5284324817789169,1,High Volatility,train
2024-08-29,0.00011535307512759896,0.15730794762242062,0.5273262700605512,1,High Volatility,train
2024-08-30,0.00020985361746543146,0.1577914448034913,0.5220864693996515,1,High Volatility,train
2024-09-02,0.0003701472790779946,0.15771785915421968,0.5250757539378907,1,High Volatility,train
2024-09-03,0.0011803637158128877,0.1489349138627732,0.5093653412052979,1,High Volatility,train
2024-09-04,0.0026904902041495083,0.09568802721145324,0.2797533372855714,2,Calm,train
2024-09-05,0.0024457365378180987,0.09963380394869474,0.3136666544903335,2,Calm,train
2024-09-06,0.0018111152441702895,0.09279702317726558,0.2729342835835151,2,Calm,train
2024-09-09,0.0012834615161499317,0.11219668745947672,0.3835728181866971,2,Calm,train
2024-09-10,0.0009945651430598222,0.10710382800524072,0.34611310051799443,2,Calm,train
2024-09-11,0.0012531434155368514,0.10733352923422322,0.36261730245884527,2,Calm,train
2024-09-12,0.0013606726060511026,0.10494876671097127,0.38902681660114,2,Calm,train
2024-09-13,0.0019328992731962058,0.11785328967176836,0.46067980640340084,1,High Volatility,train
2024-09-16,0.0009741080564117533,0.1044679379626126,0.38651511191097415,2,Calm,train
2024-09-17,0.000965590870139529,0.10444704088633477,0.4005648985251212,2,Calm,train
2024-09-18,0.0007846200606203208,0.1038964817677185,0.3988986473501597,0,Defensive,train
2024-09-19,0.0005933887748275538,0.10448538864568326,0.32381677905685996,2,Calm,train
2024-09-20,0.00042718369185912824,0.10450262169190361,0.3172595660610124,0,Defensive,train
2024-09-23,0.0011600765100923394,0.11261055811614529,0.3338291407194452,2,Calm,train
2024-09-24,0.0009746567147400239,0.1109595656933502,0.30405553138518115,2,Calm,train
2024-09-25,0.0008117288566764013,0.11093798319944449,0.3199082078462974,2,Calm,train
2024-09-26,0.0008779014602920881,0.1109167349012775,0.33413583012419296,2,Calm,train
2024-09-27,0.0008489518287067343,0.11070928914480889,0.3439936789793813,2,Calm,train
2024-09-30,0.0006289498412214479,0.11140243071012665,0.30648957483845835,2,Calm,train
2024-10-01,-0.000319375932941376,0.12627587767951226,0.3809558007526081,0,Defensive,train
2024-10-03,-0.00028729220036021667,0.12637038111712548,0.37261576647643135,0,Defensive,train
2024-10-04,-0.0009389951597068748,0.141496118761939,0.40545313550242856,0,Defensive,train
2024-10-07,-0.0011755762710954584,0.14221225806917212,0.3866773603161859,0,Defensive,train
2024-10-08,-0.0006140973561652348,0.12969503124248724,0.3117579877395183,0,Defensive,train
2024-10-09,-0.0004346056667791342,0.13254782230129641,0.3161550265206294,0,Defensive,train
2024-10-10,-0.0009088939686954407,0.13255013640509547,0.28731136208753777,0,Defensive,train
2024-10-11,-0.0006831824927366445,0.1309876319340076,0.274139588928334,0,Defensive,train
2024-10-14,-0.0017174887399109974,0.11372839531533842,0.1899506579467918,0,Defensive,train
2024-10-15,-0.001073889454429355,0.12177172917643982,0.21921073160754817,0,Defensive,train
2024-10-16,-0.0012085224753654183,0.12128811251698778,0.21210814131377642,0,Defensive,train
2024-10-17,-0.0014310403090755045,0.12160173408846821,0.20788146049676864,0,Defensive,train
2024-10-18,-0.0012230166807257726,0.12204308252955613,0.23646829783901627,0,Defensive,train
2024-10-21,-0.0011361781027469874,0.12220442386436212,0.21062083113080893,0,Defensive,train
2024-10-22,-0.0018054373740262967,0.11088947469095717,0.18172929937635715,0,Defensive,train
2024-10-23,-0.0025165809090107972,0.1142163156003541,0.19416557355966502,0,Defensive,train
2024-10-24,-0.0025075134199447806,0.1142567845271012,0.18285325212993261,0,Defensive,train
2024-10-25,-0.0026439171570646807,0.1134355498930145,0.17530841164737768,0,Defensive,train
2024-10-28,-0.0030539264384556136,0.11119260535205289,0.14396624610178566,0,Defensive,train
2024-10-29,-0.002528885905422717,0.11759859528061331,0.1811858686510033,0,Defensive,train
2024-10-30,-0.001028635019493956,0.1190326031570781,0.16731401263627593,0,Defensive,train
2024-10-31,-0.001327512145725421,0.11929239826288499,0.1589650646650797,0,Defensive,train
2024-11-01,-0.000524087296638146,0.1000784472546306,0.07257293917527985,2,Calm,train
2024-11-04,-0.00016604478524158043,0.09901333602152718,0.07598212786469723,2,Calm,train
2024-11-05,-0.00027305621088169723,0.10115650792727617,0.09929381617626909,2,Calm,train
2024-11-06,-0.00039187585847084045,0.09854565989364009,0.09186194645469234,2,Calm,train
2024-11-07,0.000681903558270706,0.1125152628047123,0.13435430549917132,2,Calm,train
2024-11-08,0.000485038963723586,0.11459837049209207,0.14330272612524042,2,Calm,train
2024-11-11,0.0004970642158189478,0.11448092740871053,0.1383969187421499,2,Calm,train
2024-11-12,0.00015413623744380217,0.10891618703420858,0.11318212446828053,2,Calm,train
2024-11-13,-0.00020544873438402966,0.11271384897433696,0.12830749298307506,2,Calm,train
2024-11-14,-0.0006139744496146953,0.12003828782492963,0.15489738681097645,0,Defensive,train
2024-11-18,-0.0007386894636895685,0.11971906578698302,0.1541493783121997,0,Defensive,train
2024-11-19,-0.0010256888508859805,0.12063359694734975,0.162847514400177,0,Defensive,train
2024-11-21,-0.0010320417914157422,0.12063038234314531,0.16699034665363763,0,Defensive,train
2024-11-22,-0.0008257014272929309,0.11681999998083024,0.1564759563169736,0,Defensive,train
2024-11-25,0.000802281789127944,0.16518612182265927,0.3189114107809897,0,Defensive,train
2024-11-26,0.0017996531238924287,0.17651650512806527,0.3505414502972767,1,High Volatility,train
2024-11-27,0.0021422981392939786,0.17487280687244475,0.3648152231861996,1,High Volatility,train
2024-11-28,0.0017429838199714473,0.17378829318432548,0.37153491683035195,1,High Volatility,train
2024-11-29,0.0004239917466718178,0.17503870328811771,0.39939551829674563,1,High Volatility,train
2024-12-02,0.001001522669144424,0.17548033026469212,0.4073357768527571,1,High Volatility,train
2024-12-03,0.0013089104952951959,0.17507948196934875,0.46754134388087615,1,High Volatility,train
2024-12-04,0.0016526124736677855,0.17718893379353798,0.4624090044282044,1,High Volatility,train
2024-12-05,0.0022196719588237135,0.1727950286673453,0.4491355804294889,1,High Volatility,train
2024-12-06,0.002484875741383271,0.17564192009640842,0.4692236037237172,1,High Volatility,train
2024-12-09,0.0015898508192975739,0.16864828672909915,0.4666402703201594,1,High Volatility,train
2024-12-10,0.0018456841755105115,0.16659385299352747,0.45848061510754473,1,High Volatility,train
2024-12-11,0.002099141439059937,0.1653609667259548,0.4696716409601741,1,High Volatility,train
2024-12-12,0.0018692734163008886,0.16556495739834629,0.4765057729768921,1,High Volatility,train
2024-12-13,0.0020604741206722613,0.16306899370725708,0.47537848568924657,1,High Volatility,train
2024-12-16,0.0031387931915287603,0.15556935382541137,0.44825142542070767,1,High Volatility,train
2024-12-17,0.0029773401285701087,0.15705963908984472,0.461118814976074,1,High Volatility,train
2024-12-18,0.0026290912573096125,0.16367346276334693,0.513363727801793,1,High Volatility,train
2024-12-19,0.0024203918278707945,0.16551461796251657,0.5258156165317464,1,High Volatility,train
2024-12-20,0.002099134758682426,0.17188099262130066,0.5620356997920518,1,High Volatility,train
2024-12-23,-0.0002539128534671347,0.14158580903546367,0.4623627289060721,0,Defensive,train
2024-12-24,-0.0007436127062443029,0.1279027779778192,0.43958921822668123,0,Defensive,train
2024-12-26,-0.000893080074715681,0.12742332445450377,0.44509605573165223,0,Defensive,train
2024-12-27,-0.0009916289772186654,0.1274866448797043,0.45560581192836713,0,Defensive,train
2024-12-30,-0.00034613648538009975,0.11972085557023644,0.4412993872313798,0,Defensive,train
2024-12-31,-0.0010854000096052903,0.11920143413514,0.4486425132767895,0,Defensive,train
2025-01-01,-0.001301223773517384,0.11804192912908612,0.4230421746642151,0,Defensive,train
2025-01-02,-0.001547340816589981,0.11355637730643915,0.42581184199075245,0,Defensive,train
2025-01-03,-0.0009408618979608391,0.12668662958730106,0.5035241193464166,0,Defensive,train
2025-01-06,-0.0021962605395929075,0.12384422083902408,0.48203719703341985,0,Defensive,train
2025-01-07,-0.0029380837308390713,0.13405775707796186,0.4774093442140371,0,Defensive,train
2025-01-08,-0.0027532033410656493,0.1354755678746324,0.48720325615358856,0,Defensive,train
2025-01-09,-0.002737697170592088,0.13560799620854497,0.45832277219364836,0,Defensive,train
2025-01-10,-0.003206898378318586,0.1379625929186098,0.46542935079727465,0,Defensive,train
2025-01-13,-0.0028501136703005824,0.1395903617157575,0.4094457419763465,0,Defensive,train
2025-01-14,-0.003821531210778631,0.1342698555118836,0.38324265845160366,0,Defensive,train
2025-01-15,-0.0035465701540023436,0.13558766787605503,0.3605817792056339,0,Defensive,train
2025-01-16,-0.0027119770652000714,0.13446356738373502,0.3578160037074071,0,Defensive,train
2025-01-17,-0.00237990311891997,0.1350064708630678,0.35150320573886323,0,Defensive,train
2025-01-20,-0.0018800499375399334,0.12853924335439798,0.26615813193348814,0,Defensive,train
2025-01-21,-0.0009683174317326116,0.11985605613792485,0.2371447133540796,0,Defensive,train
2025-01-22,-0.002142408701053275,0.12340987923470134,0.24607063046631764,0,Defensive,train
2025-01-23,-0.0016886858987116729,0.12883359559069546,0.25326350877035814,0,Defensive,train
2025-01-24,-0.0016701110458483045,0.12881938983528424,0.24962423137352477,0,Defensive,train
2025-01-27,-0.0018141186757777764,0.12867633966313372,0.2469814796137976,0,Defensive,train
2025-01-28,-0.001777560432541779,0.128251296754804,0.22786087367442928,0,Defensive,train
2025-01-29,-0.0015823297473031082,0.12933022151377255,0.2166067612961046,0,Defensive,train
2025-01-30,-0.0013770626099945285,0.1324925522643515,0.22683849455904492,0,Defensive,train
2025-01-31,-0.001994046345305071,0.11931082417632656,0.17997907506732877,0,Defensive,train
2025-02-01,-0.0006690105305396164,0.1237319061594755,0.18014822411608228,0,Defensive,train
2025-02-03,-6.244383997780828e-05,0.10959967092662821,0.11585414031275262,2,Calm,train
2025-02-04,-0.0007659350776311627,0.11576270897038514,0.13375793179438045,0,Defensive,train
2025-02-05,0.00020203352190836349,0.13938212680770862,0.20951562938085594,2,Calm,train
2025-02-06,0.00040619961853102923,0.13603354348815683,0.19720339272739032,2,Calm,train
2025-02-07,0.00010256089319734922,0.13624923381839296,0.23557338384067822,0,Defensive,train
2025-02-10,4.7143422589236535e-06,0.13837663573568554,0.25864163463753725,0,Defensive,train
2025-02-11,-0.00030456516364900756,0.13922743416449776,0.2717974115666883,0,Defensive,train
2025-02-12,-0.0012006401235252488,0.14536964650493536,0.29883505035799524,0,Defensive,train
2025-02-13,-0.0013360580899385338,0.14499371665322142,0.30347236198794064,0,Defensive,train
2025-02-14,-0.0014376157076147066,0.1455847285962899,0.37249268827143583,0,Defensive,train
2025-02-17,-0.0015524221294156782,0.1448337084571581,0.3814429872194469,0,Defensive,train
2025-02-18,-0.0008436326384320339,0.13627489210565988,0.3500102280891363,0,Defensive,train
2025-02-19,-0.0013642852817587682,0.13194691358235813,0.36137110501487274,0,Defensive,train
2025-02-20,-0.0012957953033941095,0.13196754747294687,0.33510231948136365,0,Defensive,train
2025-02-21,-0.0013402949571018402,0.13213086726601586,0.32631196489195385,0,Defensive,train
2025-02-24,-0.0011095296532008133,0.13048606422279038,0.3444042312451578,0,Defensive,train
2025-02-25,-0.001956021230522945,0.1371584669107058,0.38015097722115376,0,Defensive,train
2025-02-27,-0.002498460563161006,0.13183182751696138,0.3627224752504877,0,Defensive,train
2025-02-28,-0.002721909065786861,0.1306300936770784,0.3608963585327686,0,Defensive,train
2025-03-03,-0.00422858142394858,0.12482288806915989,0.32186378463753573,0,Defensive,train
2025-03-04,-0.003993064535595763,0.1257796228914795,0.33074447908909516,0,Defensive,train
2025-03-05,-0.0032597822197735953,0.12545244324050964,0.3303885214730578,0,Defensive,train
2025-03-06,-0.0038379260531742248,0.09970562993466013,0.20387397350525588,0,Defensive,train
2025-03-07,-0.003156563185582905,0.10695102071878063,0.23356171008924395,0,Defensive,train
2025-03-10,-0.00295965034421618,0.10786560098284663,0.23358697171678275,0,Defensive,train
2025-03-11,-0.0025375066424135574,0.10231445317025123,0.20264886084142394,0,Defensive,train
2025-03-12,-0.0022185115685518057,0.10304443384965818,0.1893011595701887,0,Defensive,train
2025-03-13,-0.0017655691162630827,0.09469717584830475,0.13478585913361266,0,Defensive,train
2025-03-17,-0.0017526859482213711,0.09472549371287653,0.14082385731641084,0,Defensive,train
2025-03-18,-0.0015229752494986051,0.09365489971161735,0.1261058415164469,0,Defensive,train
2025-03-19,-0.0015522526937293032,0.09347372298577429,0.13220071019381624,0,Defensive,train
2025-03-20,-0.0007744272880322944,0.11053209753018413,0.16147443384202728,0,Defensive,train
2025-03-21,-8.663989378289941e-05,0.11880648601863567,0.19179607169548302,2,Calm,train
2025-03-24,0.00019390905562157178,0.12021167897103889,0.20654998803532462,2,Calm,train
2025-03-25,0.0011958670135681763,0.13228447258652326,0.25479478228219,2,Calm,train
2025-03-26,0.0013335357146195231,0.1316387045289941,0.24304381902937583,2,Calm,train
2025-03-27,0.001582136292939932,0.12498518563595049,0.22956145725096125,2,Calm,train
2025-03-28,0.002055275477539239,0.12522588780419147,0.23718531390677305,2,Calm,train
2025-04-01,0.0019899410582009747,0.1258966918092335,0.24013519633002017,2,Calm,train
2025-04-02,0.00195244503838263,0.12739143633776764,0.28402278331499975,2,Calm,train
2025-04-03,0.002225776570163609,0.12785015962674653,0.2983317619072904,2,Calm,train
2025-04-04,0.0015910324321719229,0.13397326079914396,0.31178855145372125,2,Calm,train
2025-04-07,0.00023760557138621102,0.14646436663420334,0.3168126509159883,0,Defensive,train
2025-04-08,-0.001640963238758062,0.1790013413561639,0.4196230367757727,0,Defensive,train
2025-04-09,-0.0008416820722587607,0.19050674865342845,0.47745264539595306,1,High Volatility,train
2025-04-11,-0.0012156128544978842,0.19383463049827745,0.46240986569532655,1,High Volatility,train
2025-04-15,-0.0006234436623561787,0.20063517778499504,0.48428469836374777,1,High Volatility,train
2025-04-16,0.0005391924161540125,0.21161270749733144,0.5208055149949387,1,High Volatility,train
2025-04-17,0.0007131368890047412,0.2116710899329799,0.5190008921664947,1,High Volatility,train
2025-04-21,0.001631260951047838,0.2195923674544262,0.5377426774150649,1,High Volatility,train
2025-04-22,0.0021293731120419854,0.2216604275709514,0.5205760010796111,1,High Volatility,train
2025-04-23,0.0015223914563577629,0.216402712718199,0.5361392393059158,1,High Volatility,train
2025-04-24,0.0012870319094362924,0.21411445964191686,0.48746839870921915,1,High Volatility,train
2025-04-25,0.0008722029890370873,0.2141721141280235,0.4899282830445951,1,High Volatility,train
2025-04-28,-4.228649239900062e-05,0.20622148042070024,0.4604394134863431,1,High Volatility,train
2025-04-29,0.000673525575728648,0.2127033192239706,0.46427990796227486,1,High Volatility,train
2025-04-30,0.001262668222909111,0.20968501486256863,0.44378541002621624,1,High Volatility,train
2025-05-02,0.0008130612228505031,0.20896935388695587,0.43277892465166656,1,High Volatility,train
2025-05-05,0.0011508900475823182,0.20849951616088686,0.4330103383628422,1,High Volatility,train
2025-05-06,0.0022152471877764056,0.19668806422881444,0.400080711028893,1,High Volatility,train
2025-05-07,0.0017651448579563567,0.197210243635291,0.4015463727528295,1,High Volatility,train
2025-05-08,0.0021103993187630713,0.19360848273011047,0.40581458061601877,1,High Volatility,train
2025-05-09,0.0028945706055045588,0.1800713188019152,0.40222908697468346,1,High Volatility,train
2025-05-12,0.004114521230477897,0.136248617923455,0.23866257754264084,2,Calm,train
2025-05-13,0.005474040938965148,0.19238569029741112,0.4366641231795785,1,High Volatility,train
2025-05-14,0.005207179251982091,0.19933394126337317,0.47135316686985246,1,High Volatility,train
2025-05-15,0.004685083016547493,0.19697579086229705,0.4706915088910951,1,High Volatility,train
2025-05-16,0.004374905440722464,0.19220227555926972,0.48248205467336985,1,High Volatility,train
2025-05-19,0.004170119835652205,0.19324151276741416,0.4898560580274212,1,High Volatility,train
2025-05-20,0.003043408437013105,0.18934652094657747,0.49005903073755436,1,High Volatility,train
2025-05-21,0.0021646749291630747,0.19066748565335537,0.5071538946605161,1,High Volatility,train
2025-05-22,0.002208657720900056,0.19073855226120826,0.5426291698103559,1,High Volatility,train
2025-05-23,0.0013914557374175272,0.19415310117056106,0.5878087210992299,1,High Volatility,train
2025-05-26,0.0021198425697488534,0.19647521086347938,0.5900413142088282,1,High Volatility,train
2025-05-27,0.0026279897998258243,0.19706903606116358,0.6006079255628582,1,High Volatility,train
2025-05-28,0.0014791826742034607,0.19538802818454953,0.6253028017320711,1,High Volatility,train
2025-05-29,0.0012750345798133065,0.19556477611528025,0.6369087739596068,1,High Volatility,train
2025-05-30,0.001487144727753327,0.19514366977298947,0.6632723428063244,1,High Volatility,train
2025-06-02,0.0014230183173484046,0.19504169631937238,0.6541760563275432,1,High Volatility,train
2025-06-03,0.001154564872165092,0.1950863004119967,0.6695209566932456,1,High Volatility,train
2025-06-04,0.00101815271609974,0.19616333141620693,0.6896961861389583,1,High Volatility,train
2025-06-05,0.0012245134297242325,0.19578557361607524,0.6832722427516004,1,High Volatility,train
2025-06-06,0.0015789673947693556,0.19594287114826772,0.6807070314258511,1,High Volatility,train
2025-06-09,0.0021535064428599656,0.19451062852410234,0.787013449739091,1,High Volatility,train
2025-06-10,0.0001002120030981137,0.11633488270487095,0.5539314447284825,0,Defensive,train
2025-06-11,0.0009923142669300224,0.09830236663783966,0.4690162954361338,0,Defensive,train
2025-06-12,0.0010051827393122775,0.09837974243664357,0.4618673053729459,0,Defensive,train
2025-06-13,-0.00014656020160338373,0.09595607519030816,0.42878068182491746,0,Defensive,train
2025-06-16,-0.0004999195055673437,0.10041681155791003,0.4502375058528899,0,Defensive,train
2025-06-17,0.00022236338314564073,0.10451959086330018,0.49078691690207876,0,Defensive,train
2025-06-18,0.0005931171882685138,0.1007242770179451,0.4693850812643833,0,Defensive,train
2025-06-19,0.00016449105649097572,0.1017093743864577,0.46458278576693246,0,Defensive,train
2025-06-20,0.0005241472442182527,0.09576601641771691,0.4361786265090558,0,Defensive,train
2025-06-23,0.0004987885618792095,0.09501699806934427,0.4299530488994349,0,Defensive,train
2025-06-24,-0.0005160798026150548,0.10003472748986654,0.44652038028858365,0,Defensive,train
2025-06-25,2.8418636928745313e-06,0.09595241198242127,0.42856437681805604,0,Defensive,train
2025-06-26,0.0005326058744146427,0.1012645208960307,0.46727006523077985,0,Defensive,train
2025-06-27,0.0008428610209385821,0.10482258882745978,0.46274702618423624,0,Defensive,train
2025-06-30,0.001017423486410907,0.10605175823357883,0.48032675888708465,0,Defensive,train
2025-07-01,0.0010016786160883758,0.10615744335333227,0.4524538649663493,0,Defensive,train
2025-07-02,0.0013312070573118415,0.10283518535912596,0.4208338091728691,2,Calm,train
2025-07-03,0.0008957514010516414,0.10684078223392898,0.4341680687969153,0,Defensive,train
2025-07-04,0.000551134152867929,0.10589168220261973,0.4374642784248573,0,Defensive,train
2025-07-07,0.0005473607481599127,0.10584261244279392,0.4377478494647334,0,Defensive,train
2025-07-08,0.0003497564620792246,0.10560602002305174,0.4478771829088908,0,Defensive,train
2025-07-09,0.00048012077194219404,0.10631685857977528,0.4776609892883294,0,Defensive,train
2025-07-10,0.00013770369369363715,0.10663804596821654,0.48467126943595706,0,Defensive,train
2025-07-11,0.0004545667197403621,0.10059907292386013,0.45894899532828354,0,Defensive,train
2025-07-14,0.000360110563035157,0.10303079593364034,0.45433144836851624,0,Defensive,train
2025-07-15,-0.000366880628276005,0.09919392101462693,0.4201525179044542,0,Defensive,train
2025-07-16,-7.994659978581e-05,0.10165543389942716,0.4427685361729444,0,Defensive,train
2025-07-17,0.00038677697709538813,0.10132535118440228,0.42924059069074494,0,Defensive,train
2025-07-18,0.00017135261310769373,0.10391113395050519,0.4498671802093228,0,Defensive,train
2025-07-21,-0.0005400067404043937,0.09647099898161175,0.3977416752532476,0,Defensive,train
2025-07-22,0.0001376153817278807,0.08666027228910965,0.26362590577920836,2,Calm,train
2025-07-23,-0.0002279645662126543,0.08841528823269955,0.26969703741726736,0,Defensive,train
2025-07-24,-0.0004061581490637274,0.08412627417897527,0.2516893742734667,0,Defensive,train
2025-07-25,-0.0012413884280158866,0.0822171897643245,0.2548762882316264,0,Defensive,train
2025-07-28,-0.0019189187341117479,0.08160402470972741,0.24754003716711398,0,Defensive,train
2025-07-29,-0.0019998751018165733,0.08178356105403257,0.2640558497211559,0,Defensive,train
2025-07-30,-0.0017887428092834493,0.08480641154760911,0.26270195017928605,0,Defensive,train
2025-07-31,-0.0011525925100193597,0.08668697953479898,0.2296412261527681,0,Defensive,train
2025-08-01,-0.001284902382216253,0.08738168258576212,0.22677530962268774,0,Defensive,train
2025-08-04,-0.0018832141481645742,0.08498319213792399,0.19938073041367996,0,Defensive,train
2025-08-05,-0.0015586417509092247,0.08886236048239583,0.1908764889666839,0,Defensive,train
2025-08-06,-0.002038241981270851,0.08756562886205987,0.17978275981353015,0,Defensive,train
2025-08-07,-0.0020416414457967006,0.08758092861132274,0.17782376059629335,0,Defensive,train
2025-08-08,-0.0017622088830182687,0.08818502004781449,0.17961391071210406,0,Defensive,train
2025-08-11,-0.001557998112037633,0.08395800977784867,0.16969168378432428,0,Defensive,train
2025-08-12,-0.0008180566446740511,0.09140327558115774,0.2103916098892539,0,Defensive,train
2025-08-13,-0.0012631774347002349,0.08813728262146261,0.18735697821593714,0,Defensive,train
2025-08-14,-0.0014517480871625694,0.08582442042323885,0.1861461786074682,0,Defensive,train
2025-08-18,-0.001046795992115887,0.08428377652355472,0.1662437202128351,0,Defensive,train
2025-08-19,-0.0009877384091972244,0.08395980518307382,0.16653773296203214,0,Defensive,train
2025-08-20,-0.000869991163260837,0.08531916959460616,0.20736121399078802,0,Defensive,train
2025-08-21,-0.00034953420661232624,0.08617112313283909,0.17009173406459602,2,Calm,train
2025-08-22,-0.000495058453377115,0.0840410857474673,0.15025459064898808,2,Calm,train
2025-08-25,-0.0006129070347697888,0.08735471573910918,0.18457038625699032,0,Defensive,train
2025-08-26,0.00018577718823693367,0.08765591729493373,0.17106327518674433,2,Calm,train
2025-08-28,2.0780402200227395e-05,0.09021750037193352,0.18964632360379546,2,Calm,train
2025-08-29,-0.0006843917322760083,0.09428727794649278,0.22343811049364962,0,Defensive,train
2025-09-01,-0.0010836026858998204,0.0911599642330337,0.21682050266104236,0,Defensive,train
2025-09-02,-0.0006862052837926101,0.091844612042331,0.2162767069294375,0,Defensive,train
2025-09-03,-0.00047807684953252215,0.08965368288585406,0.21507772833540234,0,Defensive,train
2025-09-04,-0.0005674512237416277,0.0883027613313534,0.22324504433648557,0,Defensive,train
2025-09-05,-0.0003047573215746246,0.0862005281668381,0.2150363881346912,0,Defensive,train
2025-09-08,-0.0004448653028110089,0.08815563122060963,0.2225716394524036,0,Defensive,train
2025-09-09,-0.0006257560355342906,0.08797308039888664,0.21903970378180157,0,Defensive,train
2025-09-10,8.443846984483098e-05,0.0901689085354046,0.20949794228416904,2,Calm,train
2025-09-11,2.103899183517168e-05,0.08850278394612554,0.20480206817126073,2,Calm,train
2025-09-12,0.00019103507617889104,0.08777895485044877,0.2035785878325547,2,Calm,train
2025-09-15,0.00040822679115094416,0.08950196248917797,0.2088106200225772,2,Calm,train
2025-09-16,0.00024466891786908165,0.08968677913552806,0.21352064938745055,2,Calm,train
2025-09-17,0.0006686394693446373,0.09169165926517306,0.23162245720888586,2,Calm,train
2025-09-18,0.0007618434133693142,0.09280366662521068,0.21218533406758625,2,Calm,train
2025-09-19,0.0006864015006941197,0.09201422425408677,0.22945279447732236,2,Calm,train
2025-09-22,0.0003727063001943185,0.09277789870723568,0.2322157155923043,2,Calm,train
2025-09-23,0.0003047355375992166,0.09505001307282422,0.2122570168582529,2,Calm,train
2025-09-24,-0.0001256958576147708,0.09074350060889602,0.20839616151246002,2,Calm,train
2025-09-25,-1.6050417863487048e-05,0.0889355404940909,0.20501413707282481,2,Calm,train
2025-09-26,6.443838657705426e-05,0.08684395489026801,0.19636108577065856,2,Calm,train
2025-09-29,9.074493446036132e-06,0.0873040949575911,0.190771836984756,2,Calm,train
2025-09-30,-0.00018716775347237322,0.08621812268432888,0.19001560016851743,2,Calm,train
2025-10-01,-0.0002596933035661667,0.08679722557502682,0.20104141974983383,2,Calm,train
2025-10-03,-0.00012022467299009797,0.08900197331467702,0.20124334684381706,2,Calm,train
2025-10-06,-6.684869690167106e-05,0.08903153847038923,0.2115287453363697,2,Calm,train
2025-10-07,0.0006635458660024359,0.09042142488253463,0.2232297279695025,2,Calm,train
2025-10-08,0.0007252286681738781,0.09004302753658178,0.20835520035817856,2,Calm,train
2025-10-09,0.0004252323245018062,0.08616428985583542,0.19714519213131362,2,Calm,train
2025-10-10,0.0003034109295127992,0.08361891429321403,0.1888207035287155,2,Calm,train
2025-10-13,0.0005038260282685042,0.08487575432445071,0.20239933053420073,2,Calm,train
2025-10-14,-7.314134407283975e-06,0.08525379277056933,0.21190740267738375,2,Calm,train
2025-10-15,-0.00013032283593893148,0.0863384766432463,0.21453655235331068,2,Calm,train
2025-10-16,-0.00014829452081745713,0.08599143087684176,0.212459196514668,2,Calm,train
2025-10-17,-9.950576012200934e-06,0.08903536139477819,0.2404627364922707,2,Calm,train
2025-10-20,-3.1135136514850875e-05,0.0888190049049807,0.22221305061451385,2,Calm,train
2025-10-21,0.0005578026960409854,0.09255830160452867,0.18041138920696215,2,Calm,train
2025-10-23,0.001208042388250429,0.07940598158839726,0.1262361849851363,2,Calm,train
2025-10-24,0.0015937820135903627,0.0816242964566831,0.1218409707775329,2,Calm,train
2025-10-27,0.0017220672902953683,0.07954068644655447,0.10294398420798365,2,Calm,train
2025-10-28,0.0025692089189716114,0.07531766817200874,0.08750377396522671,2,Calm,train
2025-10-29,0.002696633757801175,0.07322245192788829,0.10129691670084429,2,Calm,train
2025-10-30,0.0029795966628924906,0.07296575735386139,0.10611069585434398,2,Calm,train
2025-10-31,0.002849344983517924,0.07655652738445529,0.12099428979045028,2,Calm,train
2025-11-03,0.00248024940925226,0.07644480115872448,0.12304343247337415,2,Calm,train
2025-11-04,0.0023214676518389524,0.07827556351364535,0.12225192614606639,2,Calm,train
2025-11-06,0.0015281462184668871,0.08249570683922475,0.16153893650944307,2,Calm,train
2025-11-07,0.0015527164154044472,0.08233198394064926,0.1662733323853243,2,Calm,train
2025-11-10,0.0013957342895693653,0.0829238849589744,0.18190574052089659,2,Calm,train
2025-11-11,0.001464657107615927,0.08403902728112977,0.17972940634155707,2,Calm,train
2025-11-12,0.0015621472687626194,0.08521885240870383,0.19271945510963676,2,Calm,train
2025-11-13,0.00217006445791928,0.08352304441733253,0.16891505562977843,2,Calm,train
2025-11-14,0.002424521185421294,0.08030639310297562,0.150410802950895,2,Calm,train
2025-11-17,0.002094398209964282,0.0798767611817005,0.14140745336789068,2,Calm,train
2025-11-18,0.001803095084427602,0.0762119304965906,0.12847650892882517,2,Calm,train
2025-11-19,0.0014100751014628253,0.0793554451999967,0.16623325099238725,2,Calm,train
2025-11-20,0.0014642519364242352,0.0806894294629673,0.1768823544316854,2,Calm,train
2025-11-21,0.0016612225896980404,0.08148582893742128,0.16954369492792556,2,Calm,train
2025-11-24,0.0011797851207390206,0.0802716260162299,0.19398431287499157,2,Calm,train
2025-11-25,0.0011348072296128461,0.08080498270842801,0.20679737649068247,2,Calm,train
2025-11-26,0.0004865145614374337,0.07672579816190567,0.17103148727978618,2,Calm,train
2025-11-27,0.0011385891823802838,0.08729593417235612,0.23276837197637004,2,Calm,train
2025-11-28,0.0009275735305750134,0.0858250985548873,0.21462059187021237,2,Calm,train
2025-12-01,0.0012223004940194679,0.08182836513959413,0.19506713144912277,2,Calm,train
2025-12-02,0.001210714426527984,0.08191362483459563,0.21668769274919944,2,Calm,train
2025-12-03,0.0009443846401185624,0.08717018448318557,0.2753482220183203,2,Calm,train
2025-12-04,0.0014281221899300634,0.08111700031435667,0.22569568145165078,2,Calm,train
2025-12-05,0.0015721898622037245,0.080954960715926,0.23436265897804928,2,Calm,train
2025-12-08,0.002079985480395226,0.0841878622206475,0.2690573245106734,2,Calm,train
2025-12-09,0.0014884565443709686,0.08509287781040825,0.27993203628019797,2,Calm,train
2025-12-10,0.0009146209489218585,0.08614288704647666,0.2817049482543051,2,Calm,train
2025-12-11,0.000426819804539158,0.0838451277686699,0.27656616930138034,2,Calm,train
2025-12-12,0.0005586459252420336,0.08457750169861682,0.30720053678909887,2,Calm,train
2025-12-15,0.0007949605755109435,0.0853430050583996,0.3173700866186436,2,Calm,train
2025-12-16,0.0007608852309142022,0.08517141227029686,0.3170857513943849,2,Calm,train
2025-12-17,0.000735982551015216,0.08560976546462344,0.3196957588977724,2,Calm,train
2025-12-18,0.0002715205907827086,0.0792444504438661,0.3182036159283864,2,Calm,train
2025-12-19,0.00021735575936519257,0.0785190891426284,0.317071935665334,0,Defensive,train
2025-12-22,0.0005984049559939338,0.07951393914501881,0.328209481401096,2,Calm,train
2025-12-23,0.001126196749857062,0.0821514373364726,0.32356076669758493,2,Calm,train
2025-12-24,0.0012580464153702483,0.08057056829967459,0.2934536244690808,2,Calm,train
2025-12-26,0.0005403037061421275,0.06975903458427853,0.23079816347342183,2,Calm,train
2025-12-29,0.00024393562931638817,0.072150407501377,0.2643015172218094,2,Calm,train
2025-12-30,2.453388243074564e-05,0.07421132596205898,0.276551841513609,2,Calm,train
2025-12-31,-2.034925961051865e-06,0.07434866738132337,0.26817061202639725,2,Calm,train
2026-01-01,0.0005598909731483056,0.06907793480615364,0.20151802079893358,2,Calm,train
2026-01-02,4.7939481685520954e-05,0.07541108793835674,0.18530503683355534,2,Calm,train
2026-01-05,0.00010506222924849853,0.07602982525466397,0.2089489660661398,2,Calm,train
2026-01-06,-0.0006516473545709066,0.0717036203932922,0.1469179565718784,2,Calm,train
2026-01-07,-0.0005784469072941404,0.07081196339504824,0.06995350488117198,2,Calm,train
2026-01-08,-0.00023743514021028786,0.0691191051054075,0.04574663061808173,2,Calm,train
2026-01-09,-0.0007541125906674785,0.08244619233036278,0.08909072475182307,2,Calm,train
2026-01-12,-0.0011447699052062423,0.08166628580909298,0.0878182205852459,0,Defensive,train
2026-01-13,-0.0011931070286101092,0.08091500748257228,0.08546522624320775,0,Defensive,train
2026-01-14,-0.00143979060699352,0.08017956141437887,0.05885043349683666,0,Defensive,train
2026-01-15,-0.001491536177299843,0.08089857354208557,0.05861441780092987,0,Defensive,train
2026-01-16,-0.0014974208284295278,0.08086859575283806,0.06289753446629041,0,Defensive,train
2026-01-19,-0.001221370137462301,0.08765153380726314,0.07266600828156566,0,Defensive,train
2026-01-20,-0.0018578967274687935,0.08732257203034603,0.07265706379810415,0,Defensive,train
2026-01-21,-0.0027684510626356062,0.08488020890136576,0.07403284005977194,0,Defensive,train
2026-01-22,-0.0029818018378281333,0.08516330203905989,0.07605178206500866,0,Defensive,test
2026-01-23,-0.002661128368703424,0.08908645926225128,0.08818345298376981,0,Defensive,test
2026-01-27,-0.002696376423599825,0.0893383746024143,0.08118469570047555,0,Defensive,test
2026-01-28,-0.002174196735652763,0.09388321827655882,0.0998066273796829,0,Defensive,test
2026-01-29,-0.001800493239781073,0.09803847302020204,0.11328191520778509,0,Defensive,test
2026-01-30,-0.0018426802230001136,0.09749338467630057,0.10126764443333236,0,Defensive,test
2026-02-02,-0.00156216671809918,0.09464524634497436,0.0857159387494063,0,Defensive,test
2026-02-03,-0.0021853204854757765,0.09571869686231096,0.07340566096416626,0,Defensive,test
2026-02-04,-0.0007002233022572315,0.13067767325642426,0.21931959457902447,0,Defensive,test
2026-02-05,-0.0010628836972700784,0.13495138168402143,0.19418236214686554,0,Defensive,test
2026-02-06,-0.0014375117650473166,0.13554159608203517,0.21269559414599856,0,Defensive,test
2026-02-09,-0.0006452769910248664,0.12908067041546245,0.18734991037278373,0,Defensive,test
2026-02-10,-4.113610109248398e-06,0.13233095890653493,0.16570703937811015,2,Calm,test
2026-02-11,-3.321715080055591e-05,0.13216526752722071,0.1626508174491159,2,Calm,test
2026-02-12,5.175069379681659e-06,0.13197402742185962,0.18163650451577595,2,Calm,test
2026-02-13,-0.00035663014257289715,0.13881043319890732,0.17885642797714776,0,Defensive,test
2026-02-16,-0.0009297648610607885,0.14427562053121146,0.19604005690221132,0,Defensive,test
2026-02-17,-0.0009828688952715373,0.14333216058353174,0.20940907972174277,0,Defensive,test
2026-02-18,-0.00024286846103595156,0.1437129581347134,0.21508470797619858,0,Defensive,test
2026-02-19,0.0004609802910298253,0.13893226433233927,0.20334500967433858,2,Calm,test
2026-02-20,0.00013864941169567657,0.14433944256268874,0.22984984870555744,0,Defensive,test
2026-02-23,0.00012214047772357155,0.14421475196524966,0.2283822220756613,0,Defensive,test
2026-02-24,0.0004755693038478503,0.14277777900029023,0.2291089426679716,2,Calm,test
2026-02-25,-0.0007330118278801458,0.15600709810377672,0.2625424797001383,0,Defensive,test
2026-02-26,-0.0010299599386862646,0.1541357303959559,0.2385296256755276,0,Defensive,test
2026-02-27,-0.0011190823192532477,0.15372075521511835,0.24732211346193364,0,Defensive,test
2026-03-02,-0.0013543320016890451,0.15521158997912574,0.25583610427432896,0,Defensive,test
2026-03-04,-0.0016151880284429048,0.15954121718134825,0.2529557485113359,0,Defensive,test
2026-03-05,-0.0033573463893921303,0.1325907334632061,0.14852025591966078,0,Defensive,test
2026-03-06,-0.0024145603893452276,0.13613711641197884,0.18300923991968454,0,Defensive,test
2026-03-09,-0.002760424033325998,0.14056085503844565,0.18488560587705344,0,Defensive,test
2026-03-10,-0.003632134433816118,0.1449467526814826,0.20742083255017274,0,Defensive,test
2026-03-11,-0.0038314398492804423,0.1411310822882927,0.21865347023590714,0,Defensive,test
2026-03-12,-0.004629395462344268,0.14294984463344734,0.2284044922651738,0,Defensive,test
2026-03-13,-0.005095157795788172,0.14458736605620248,0.2442065267244908,0,Defensive,test
2026-03-16,-0.005564667856290147,0.15522446533756515,0.29597920522943494,0,Defensive,test
2026-03-17,-0.004337685174619558,0.16686217752872096,0.33094292549863863,0,Defensive,test
2026-03-18,-0.004699134665772856,0.16157958652635696,0.3062413038868483,0,Defensive,test
2026-03-19,-0.004589488703169036,0.163868568938839,0.31787640909899445,0,Defensive,test
2026-03-20,-0.006384241653919659,0.18803567065477952,0.40210566304528456,0,Defensive,test
2026-03-23,-0.005451951998159775,0.1924045358303533,0.4093298543655985,0,Defensive,test
2026-03-24,-0.006622963775360155,0.19496943537509923,0.4026491662473126,0,Defensive,test
2026-03-25,-0.0058840215862290286,0.20976641886824657,0.4317646874622193,0,Defensive,test
2026-03-27,-0.004314861194356469,0.21449876860964187,0.44166475998903454,0,Defensive,test
2026-03-30,-0.0053536132854259235,0.2217250630829517,0.46179163944790164,0,Defensive,test
2026-04-01,-0.006429293795692103,0.22697668133413523,0.473419826947381,0,Defensive,test
2026-04-02,-0.005048567505613898,0.2459754790085697,0.520871436968834,0,Defensive,test
2026-04-06,-0.0040767889814153895,0.24633148525931237,0.5239664900843218,0,Defensive,test
2026-04-07,-0.003057675784921645,0.24891749360839835,0.5109560139765452,1,High Volatility,test
2026-04-08,-0.0030207899126432664,0.24938306950166275,0.5167639345719983,1,High Volatility,test
2026-04-09,-0.0006753507624314394,0.27902007506207677,0.5581422506896974,1,High Volatility,test
2026-04-10,-0.0005764483130221426,0.27779446662633306,0.5649061750406041,1,High Volatility,test
2026-04-13,-0.0004718322876295127,0.2784100487550866,0.5372740629487538,1,High Volatility,test
2026-04-15,-0.0002913087559389451,0.27646938835158824,0.5212509076006138,1,High Volatility,test
2026-04-16,0.0011816868576872037,0.2804813886641926,0.5313705285209609,1,High Volatility,test
2026-04-17,0.002385445427975345,0.2657810694048496,0.5224602543813109,1,High Volatility,test
2026-04-20,0.0019931624352425,0.2630400770030056,0.5224146792612191,1,High Volatility,test
2026-04-21,0.0019691671346934387,0.2630716792622714,0.5218532245146383,1,High Volatility,test
2026-04-22,0.0019700844612570586,0.2630784296173407,0.5205481091605229,1,High Volatility,test
2026-04-23,0.0028444146781134464,0.23903150050968403,0.4613266564195162,1,High Volatility,test
2026-04-24,0.0020261427424431103,0.2425048327502408,0.48267479395121854,1,High Volatility,test
2026-04-27,0.0019830326247415246,0.24352984272096054,0.48848271886787636,1,High Volatility,test
2026-04-28,0.0017096874479439286,0.23998091060922275,0.4870842104381479,1,High Volatility,test
2026-04-29,0.0007704214033276228,0.23750628566135543,0.4855202605316489,1,High Volatility,test
2026-04-30,0.0023678784818304656,0.22554294922825144,0.44541443131815855,1,High Volatility,test
2026-05-01,0.0031024754321366736,0.21111399655522695,0.4090903369856434,1,High Volatility,test
2026-05-04,0.0020857223199698474,0.20120611824553777,0.3881112998576994,1,High Volatility,test
2026-05-05,0.0019319810934858898,0.2008107338856771,0.3821594975196764,1,High Volatility,test
2026-05-06,0.001259990246714562,0.20020907065252808,0.4070769118633306,1,High Volatility,test
2026-05-07,0.0011180394873376524,0.19896835770705215,0.38075687571409744,1,High Volatility,test
2026-05-08,-0.0007832393414864844,0.15635392927571318,0.2891878400917615,0,Defensive,test
2026-05-11,-0.0007641187943519932,0.15597464158065355,0.2716695728286048,0,Defensive,test
2026-05-12,-0.0018153652668264266,0.16043705915615716,0.2909661501238289,0,Defensive,test
2026-05-13,-0.002338490728641376,0.1712916668466157,0.34826482978036466,0,Defensive,test
2026-05-14,-0.00331860973788531,0.15358677151263322,0.2970986815689535,0,Defensive,test
2026-05-15,-0.0032194280780620346,0.15452736197945038,0.2977272835721694,0,Defensive,test
2026-05-18,-0.00343447243851083,0.15214355129893187,0.28005932265947125,0,Defensive,test
2026-05-19,-0.0033580248322233283,0.15275489296305061,0.28491422009829254,0,Defensive,test
2026-05-20,-0.0034970570843845085,0.14999843488819734,0.26030043483649223,0,Defensive,test
2026-05-21,-0.0026939391061757976,0.1445701243110423,0.23936514188236552,0,Defensive,test
2026-05-22,-0.0022628291490914268,0.14232944024919392,0.23843024322770742,0,Defensive,test
2026-05-25,-0.0012026306252914767,0.1258118617673267,0.19500981804967035,0,Defensive,test
2026-05-26,-0.0010140004102072177,0.1312389931317049,0.21610439342742835,0,Defensive,test
2026-05-27,-0.0010369394812496616,0.13146993254140574,0.22470993586293359,0,Defensive,test
2026-05-28,-0.0018532568854153675,0.12420465782506121,0.208276589408402,0,Defensive,test
2026-05-29,-0.0015489833959422418,0.12332974798689487,0.21680796361156562,0,Defensive,test
2026-06-01,-0.0020299111764797207,0.12641487619710357,0.22291110290460256,0,Defensive,test
2026-06-02,-0.002250136410087778,0.12532047907175167,0.21290496919180177,0,Defensive,test
2026-06-03,-0.001229251901057478,0.1405988114720181,0.22375107023104887,0,Defensive,test
2026-06-04,-0.002313085355658431,0.1460572385988625,0.22213016058776563,0,Defensive,test
2026-06-05,-0.002110489555404303,0.1462057898109599,0.21917960380432552,0,Defensive,test
2026-06-08,-0.0016576096873208508,0.1413192287711821,0.2241869817233992,0,Defensive,test
2026-06-09,-0.0015144100047769133,0.13824414037054625,0.21618530462747737,0,Defensive,test
2026-06-10,-0.00020438265234699874,0.12131385811833853,0.16276055203531678,2,Calm,test
2026-06-11,5.076268138207002e-05,0.12190401231614584,0.17058425488930593,2,Calm,test
2026-06-12,-0.00034681521715161125,0.12241958540694037,0.1671857421450825,0,Defensive,test
2026-06-15,0.0006530420741461156,0.14388405938942553,0.2448236776727996,2,Calm,test
2026-06-16,0.0009760339615154945,0.14646867332479288,0.2609882837897578,2,Calm,test
2026-06-17,0.0010749013909327205,0.14762072525712255,0.26805727651617783,2,Calm,test
2026-06-18,0.0012900626518422692,0.14845039138162622,0.2901999559107074,2,Calm,test
2026-06-19,0.001300114254945629,0.14841136479881722,0.28046756197360456,2,Calm,test
2026-06-22,0.0005015074735140022,0.15927846427125206,0.310771710243963,0,Defensive,test
2026-06-23,1.3853348773135241e-05,0.15129478292402515,0.27275803119350167,0,Defensive,test
2026-06-24,-0.00048367348600807043,0.16058775667848757,0.3036079757415857,0,Defensive,test
2026-06-25,0.0005064912099590347,0.16789784297786006,0.3276677112082918,0,Defensive,test
2026-06-26,0.0005916729815232228,0.16793858000447126,0.326747747127677,0,Defensive,test
2026-06-29,0.0010726007620607016,0.1635970317230805,0.31767352371673346,2,Calm,test
2026-06-30,0.000977716970851169,0.16420487611585474,0.3347744076149783,1,High Volatility,test
2026-07-01,-0.0005036951508525717,0.1619896454007708,0.40621489919565096,0,Defensive,test
2026-07-02,0.0002140813686797595,0.1522864320492626,0.4374101473632791,0,Defensive,test
2026-07-03,0.0008591759369769913,0.159028034949532,0.4055250864687923,1,High Volatility,test
2026-07-06,0.0011092818753869037,0.15832302827017483,0.39902432588150455,1,High Volatility,test
2026-07-07,0.0018939041591999662,0.15143552769650512,0.34774946588984273,1,High Volatility,test
2026-07-08,0.001711166275495768,0.1507013289853348,0.3365954528771886,2,Calm,test
2026-07-09,0.0004964362033008519,0.17021273006559984,0.43047761111228827,1,High Volatility,test
2026-07-10,0.0007288729141172991,0.16911914453241703,0.43939998953753634,1,High Volatility,test
2026-07-13,0.0003048999130103111,0.15799991773388444,0.4043828156126136,0,Defensive,test
2026-07-14,0.00028996594396894115,0.15779978447128293,0.3956814534962484,0,Defensive,test
2026-07-15,-0.0005748524997661575,0.15784660775700626,0.3992688788718773,0,Defensive,test
2026-07-16,-0.0008356306866149219,0.15626828679658622,0.38510817803574954,0,Defensive,test
2026-07-17,-0.000714377599473463,0.1565172556727378,0.3898820494734457,0,Defensive,test
2026-07-20,0.000832890077158775,0.1576568632500175,0.4417770679756898,1,High Volatility,test
2026-07-21,0.00038927389069782256,0.15771810792096724,0.389982763657531,0,Defensive,test
2026-07-22,0.0007114256890354937,0.15021445021627214,0.36721362103661426,0,Defensive,test
2026-07-23,-0.0005775878389744551,0.1466970929626656,0.35671619588512765,0,Defensive,test
2026-07-24,-0.000853143837177422,0.1468646945450204,0.3589247403104065,0,Defensive,test
2026-07-27,-0.0008249177588155819,0.14692184821688742,0.3563679095826619,0,Defensive,test
2026-07-28,-0.00012700066489343488,0.15135735609759454,0.371915400148434,0,Defensive,test
