date,HDFCBANK,ICICIBANK,INFY,ITC,LT,RELIANCE,SBIN,TCS
2024-01-01,812.9945678710938,983.28271484375,1429.635986328125,401.7525329589844,3432.108642578125,1279.69287109375,607.4072265625,3482.784912109375
2024-01-02,813.4733276367188,966.4093017578124,1414.015869140625,403.7267761230469,3347.071533203125,1290.2900390625,605.60791015625,3457.288330078125
2024-01-03,800.9296264648438,968.1802368164062,1373.0992431640625,409.6494140625,3349.261962890625,1276.2593994140625,609.3961791992188,3373.716552734375
2024-01-04,809.5234985351562,971.2302856445312,1394.0184326171875,408.9197998046875,3367.126220703125,1282.8546142578125,608.733154296875,3350.916015625
2024-01-05,805.3822021484375,977.6746215820312,1412.31103515625,406.81683349609375,3428.65283203125,1288.3138427734375,607.9755249023438,3415.890380859375
2024-01-08,796.4052734375,966.163330078125,1403.326171875,399.5637817382813,3408.403564453125,1278.26025390625,593.8167114257812,3361.425537109375
2024-01-09,790.2052001953125,963.9495849609376,1409.316162109375,398.748291015625,3461.801025390625,1274.8759765625,592.3014526367188,3372.025634765625
2024-01-10,792.8145141601562,977.0350952148438,1400.6536865234375,397.6753540039063,3451.6279296875,1309.2613525390625,588.8445434570312,3393.181884765625
2024-01-11,789.4871215820312,975.165771484375,1376.9698486328125,397.117431640625,3412.05419921875,1343.6961669921875,587.3766479492188,3413.743408203125
2024-01-12,785.7527465820312,987.3165893554688,1486.21875,400.5937805175781,3474.311279296875,1354.39208984375,600.0674438476562,3548.30859375
2024-01-15,800.8817749023438,993.5641479492188,1522.4815673828125,401.3663330078125,3449.242919921875,1377.5130615234375,606.2234497070312,3567.4990234375
2024-01-16,803.9219970703125,992.777099609375,1503.5438232421875,405.4005126953125,3478.88671875,1358.24560546875,603.1928100585938,3528.66064453125
2024-01-17,736.1044921875,965.9173583984376,1511.51513671875,400.5079650878906,3476.404052734375,1345.35107421875,592.8696899414062,3549.953125
2024-01-18,711.5199584960938,970.443115234375,1513.7269287109375,399.5637817382813,3500.790771484375,1351.6500244140625,595.0479125976562,3566.402587890625
2024-01-19,704.0989990234375,983.0859375,1529.0244140625,404.7138366699219,3549.467041015625,1351.156005859375,594.5270385742188,3628.471435546875
2024-01-23,683.3683471679688,1012.45458984375,1513.3121337890625,394.241943359375,3456.982421875,1312.7442626953125,573.0757446289062,3550.436767578125
2024-01-24,697.037109375,983.0859375,1543.9534912109375,397.9328918457031,3494.170654296875,1327.862060546875,585.5771484375,3535.299072265625
2024-01-25,686.9830932617188,993.66259765625,1538.147705078125,391.1089477539063,3498.308349609375,1336.9522705078125,580.3208618164062,3506.3125
2024-01-29,696.438720703125,1000.008544921875,1526.62841796875,386.0875549316406,3609.825439453125,1430.795654296875,589.9810791015625,3497.754150390625
2024-01-30,691.4834594726562,1000.5005493164062,1521.8824462890625,376.0019226074219,3537.103271484375,1390.8524169921875,593.5799560546875,3497.340576171875
2024-01-31,700.220947265625,1011.569091796875,1530.5911865234375,379.0061645507813,3387.618896484375,1409.6258544921875,606.6022338867188,3511.51123046875
2024-02-01,702.040283203125,1008.6174926757812,1527.0433349609375,380.1649475097656,3308.033203125,1409.650634765625,613.3739013671875,3546.66357421875
2024-02-02,692.369140625,1007.4859619140624,1560.4951171875,377.7615356445313,3286.664306640625,1440.3306884765625,615.26806640625,3649.866943359375
2024-02-05,691.7467651367188,1006.9940795898438,1554.82763671875,376.0019226074219,3253.2724609375,1421.8782958984375,608.922607421875,3656.308349609375
2024-02-06,691.3876342773438,1009.8472900390624,1593.7628173828125,370.29388427734375,3333.58837890625,1410.7869873046875,615.8362426757812,3806.02783203125
2024-02-07,684.6130981445312,1005.6658325195312,1560.86376953125,370.6371765136719,3304.820556640625,1424.966064453125,639.5131225585938,3757.6240234375
2024-02-08,671.734375,973.3455810546876,1559.34326171875,361.260986328125,3247.18798828125,1432.845947265625,662.527099609375,3804.27978515625
2024-02-09,671.9976196289062,994.4005126953124,1538.378173828125,362.0888671875,3236.528076171875,1443.3443603515625,686.8670043945312,3803.911376953125
2024-02-12,665.4864501953125,980.035888671875,1548.2847900390625,354.55078125,3212.189697265625,1435.04443359375,670.4352416992188,3791.94873046875
2024-02-13,667.6168823242188,1003.3536987304688,1552.3856201171875,354.4636535644531,3233.55859375,1447.6424560546875,675.6915283203125,3818.45068359375
2024-02-14,662.6377563476562,1006.2069702148438,1535.475341796875,358.6466369628906,3221.3896484375,1463.7235107421875,704.0564575195312,3772.991943359375
2024-02-15,677.0007934570312,1000.2545166015624,1544.8291015625,351.9800109863281,3212.920166015625,1453.076904296875,721.387939453125,3775.8447265625
2024-02-16,679.8015747070312,1006.7481079101562,1568.14404296875,352.5900573730469,3297.0810546875,1443.17138671875,714.7583618164062,3798.942138671875
2024-02-19,678.4609985351562,1026.91748046875,1566.39306640625,356.64227294921875,3251.4228515625,1456.4365234375,719.0675048828125,3776.396484375
2024-02-20,696.2711791992188,1031.8367919921875,1553.03076171875,353.897216796875,3267.875244140625,1453.4969482421875,719.87255859375,3709.082275390625
2024-02-21,689.0177612304688,1034.985107421875,1525.660888671875,351.5007019042969,3209.123046875,1450.2115478515625,730.6693115234375,3673.05615234375
2024-02-22,679.634033203125,1045.5618896484375,1549.4365234375,361.1738586425781,3274.68994140625,1464.0941162109375,725.3656616210938,3761.02880859375
2024-02-23,680.13671875,1044.1845703125,1545.2896728515625,358.5159606933594,3298.2490234375,1475.82763671875,718.8781127929688,3728.821044921875
2024-02-26,680.9506225585938,1037.1988525390625,1529.89990234375,356.5987243652344,3378.272705078125,1469.6026611328125,718.736083984375,3681.84423828125
2024-02-27,679.9213256835938,1043.1021728515625,1533.0792236328125,358.29803466796875,3413.61181640625,1467.94775390625,710.1649780273438,3776.94873046875
2024-02-28,674.7745361328125,1029.327880859375,1540.129150390625,355.8143920898437,3378.3212890625,1438.280517578125,703.2040405273438,3790.338623046875
2024-02-29,671.9019165039062,1035.231201171875,1542.5712890625,354.0715026855469,3385.47705078125,1443.3939208984375,708.5076904296875,3768.390869140625
2024-03-01,684.9961547851562,1069.37158203125,1524.8775634765625,356.8601379394531,3537.298095703125,1474.3455810546875,728.443603515625,3767.700927734375
2024-03-04,685.9297485351562,1074.733642578125,1508.7503662109375,356.51153564453125,3547.957763671875,1489.4384765625,731.1900634765625,3755.13916015625
2024-03-05,689.8316650390625,1070.503173828125,1480.459228515625,353.9407958984375,3516.951416015625,1482.32421875,742.4603881835938,3692.0126953125
2024-03-06,690.6695556640625,1079.4071044921875,1490.642333984375,355.4222717285156,3545.767822265625,1485.0909423828125,742.4130249023438,3740.047607421875
2024-03-07,692.3452758789062,1070.4046630859375,1489.62841796875,360.3895263671875,3579.59765625,1461.3028564453125,746.3433837890625,3780.81396484375
2024-03-11,683.5838012695312,1061.3037109375,1475.02197265625,356.7730407714844,3544.210205078125,1449.1246337890625,732.7528076171875,3793.467041015625
2024-03-12,698.78466796875,1059.483642578125,1486.403076171875,352.4593200683594,3525.76171875,1457.844482421875,719.4937744140625,3857.790283203125
2024-03-13,699.191650390625,1066.4691162109375,1484.9747314453125,368.1454772949219,3444.862060546875,1415.10986328125,707.70263671875,3817.990234375
2024-03-14,696.8216552734375,1066.124755859375,1523.58740234375,365.7054138183594,3512.66796875,1414.4180908203125,701.8307495117188,3871.915771484375
2024-03-15,695.481201171875,1062.92724609375,1505.801513671875,365.2261047363281,3443.4990234375,1401.3260498046875,693.1650390625,3882.6357421875
2024-03-18,692.3212890625,1063.7635498046875,1476.911376953125,363.7882080078125,3466.912353515625,1422.32275390625,692.2653198242188,3821.210693359375
2024-03-19,693.9012451171875,1066.4691162109375,1438.9437255859375,356.9037475585937,3408.987548828125,1408.267333984375,685.4937133789062,3659.989013671875
2024-03-20,685.1398315429688,1067.0103759765625,1432.95361328125,362.26318359375,3416.775634765625,1426.5469970703125,697.2847900390625,3654.099365234375
2024-03-21,692.1776733398438,1064.3538818359375,1432.72314453125,367.0997314453125,3465.743896484375,1433.6856689453125,704.9087524414062,3655.986083984375
2024-03-22,690.7891845703125,1072.716796875,1390.4705810546875,373.5049133300781,3522.013671875,1437.6875,707.1817626953125,3598.885986328125
2024-03-26,682.4347534179688,1066.22314453125,1375.54150390625,372.6770324707031,3572.928955078125,1424.3978271484375,700.8836669921875,3568.15087890625
2024-03-27,689.7598876953125,1066.2724609375,1367.4320068359375,372.9820556640625,3608.267578125,1475.061767578125,694.4909057617188,3534.470947265625
2024-03-28,693.20703125,1075.66845703125,1380.51806640625,373.28704833984375,3664.245361328125,1468.1451416015625,712.53271484375,3567.046875
2024-04-01,704.0271606445312,1081.916015625,1378.1219482421875,371.8491821289063,3736.383544921875,1467.0831298828125,718.1677856445312,3604.269775390625
2024-04-02,708.6472778320312,1063.7635498046875,1366.5103759765625,371.1084289550781,3706.59375,1469.2320556640625,725.8391723632812,3573.9482421875
2024-04-03,709.6766967773438,1059.827880859375,1364.48291015625,370.5419616699219,3682.304443359375,1454.0650634765625,730.2430419921875,3632.382568359375
2024-04-04,731.3648071289062,1061.451416015625,1370.0582275390625,368.4069213867188,3697.296875,1445.4935302734375,719.1149291992188,3683.914306640625
2024-04-05,741.873779296875,1065.9281005859375,1363.0545654296875,372.58990478515625,3643.996337890625,1442.7020263671875,724.2764892578125,3661.783203125
2024-04-08,740.4613647460938,1069.6175537109375,1360.8427734375,373.9406433105469,3707.031982421875,1468.268798828125,727.6385498046875,3655.617919921875
2024-04-09,741.3949584960938,1089.1966552734375,1377.56884765625,371.5441589355469,3685.0302734375,1446.209716796875,723.7555541992188,3631.692138671875
2024-04-10,735.5540161132812,1091.5087890625,1388.5811767578125,380.7815246582031,3653.82861328125,1461.945068359375,737.8196411132812,3666.75244140625
2024-04-12,727.223388671875,1086.58935546875,1368.26123046875,374.8121032714844,3581.836669921875,1449.6680908203125,725.7444458007812,3682.166015625
2024-04-15,715.61328125,1060.95947265625,1352.963623046875,371.1519470214844,3505.4638671875,1447.3707275390625,717.4102172851562,3626.768798828125
2024-04-16,722.5794067382812,1049.841796875,1303.476806640625,371.1519470214844,3449.632080078125,1448.2847900390625,711.9171752929688,3563.826171875
2024-04-18,715.61328125,1038.4288330078125,1307.9002685546875,365.00823974609375,3456.93359375,1446.876708984375,705.3822631835938,3553.887451171875
2024-04-19,733.13623046875,1050.03857421875,1300.5279541015625,370.1498107910156,3425.197021484375,1452.6075439453125,710.7332763671875,3520.94384765625
2024-04-22,723.9917602539062,1069.125732421875,1320.341064453125,370.6290893554688,3517.048583984375,1462.2166748046875,725.5549926757812,3556.280517578125
2024-04-23,721.7894287109375,1072.6676025390625,1329.2340087890625,374.0278015136719,3514.56591796875,1441.936279296875,732.0899047851562,3565.574462890625
2024-04-24,723.7523193359375,1079.062744140625,1318.497802734375,373.766357421875,3538.6123046875,1432.895263671875,732.1845703125,3525.40673828125
2024-04-25,723.2975463867188,1095.78857421875,1325.5936279296875,381.3044128417969,3555.60009765625,1442.5784912109375,769.6888427734375,3544.869384765625
2024-04-26,722.8427734375,1090.032958984375,1318.0372314453125,383.4394836425781,3509.747314453125,1435.2420654296875,758.89208984375,3516.480712890625
2024-04-29,732.2744750976562,1141.4403076171875,1322.1842041015625,381.8708801269531,3538.076904296875,1447.5684814453125,782.7584838867188,3561.433349609375
2024-04-30,727.7740478515625,1131.8475341796875,1309.098388671875,379.6486511230469,3499.1357421875,1449.5198974609375,782.5216674804688,3515.836181640625
2024-05-02,733.5910034179688,1121.0740966796875,1303.476806640625,382.5680236816406,3504.197998046875,1449.0753173828125,786.1205444335938,3555.084228515625
2024-05-03,727.5346069335938,1123.63232421875,1305.1817626953125,380.3457946777344,3407.137939453125,1416.9130859375,787.446533203125,3536.771728515625
2024-05-06,728.994873046875,1127.813720703125,1314.028564453125,378.8643798828125,3371.6044921875,1402.610595703125,765.048095703125,3608.226806640625
2024-05-07,721.09521484375,1113.6458740234375,1327.8975830078125,383.7444458007813,3336.99560546875,1384.7755126953125,759.4603881835938,3661.507080078125
2024-05-08,709.84423828125,1104.8895263671875,1315.3187255859375,384.3109436035156,3394.53076171875,1401.647216796875,767.8893432617188,3659.666748046875
2024-05-09,693.0155029296875,1097.7071533203125,1326.6075439453125,370.454833984375,3188.727783203125,1377.5130615234375,776.4129638671875,3644.253173828125
2024-05-10,697.820068359375,1099.035400390625,1313.10693359375,377.6443176269531,3184.833740234375,1390.65478515625,774.0927124023438,3583.242431640625
2024-05-13,706.2400512695312,1109.808837890625,1311.7706298828125,376.337158203125,3206.640625,1385.9859619140625,765.9951782226562,3632.8427734375
2024-05-14,709.0062866210938,1102.47900390625,1312.922607421875,374.4635009765625,3289.974365234375,1403.1539306640625,774.897705078125,3589.9599609375
2024-05-15,698.1111450195312,1106.2176513671875,1308.5452880859375,372.8077392578125,3320.981201171875,1399.3992919921875,776.8865356445312,3570.819580078125
2024-05-16,708.6665649414062,1112.8096923828125,1339.324951171875,375.988525390625,3368.975830078125,1408.3660888671875,768.9784545898438,3615.821044921875
2024-05-17,710.5349731445312,1112.2684326171875,1330.9849853515625,380.2151184082031,3359.38671875,1418.5927734375,774.5662231445312,3553.857421875
2024-05-21,707.9629516601562,1102.8724365234375,1321.6312255859375,378.9078979492188,3349.845947265625,1419.0126953125,786.6888427734375,3540.973388671875
2024-05-22,708.1570434570312,1093.1812744140625,1340.6611328125,383.3523559570313,3369.21923828125,1443.24560546875,788.422119140625,3551.910400390625
2024-05-23,724.3661499023438,1116.2039794921875,1356.880126953125,384.6159057617188,3490.471435546875,1468.343017578125,801.277587890625,3608.869140625
2024-05-24,736.3046875,1113.695068359375,1350.1529541015625,380.1279602050781,3529.899169921875,1462.6119384765625,797.9072265625,3568.13134765625
2024-05-27,741.400390625,1111.579833984375,1355.9127197265625,376.0321350097656,3555.30810546875,1448.77880859375,802.818359375,3565.86083984375
2024-05-28,742.75927734375,1108.775634765625,1351.9500732421875,373.853515625,3561.343994140625,1438.8485107421875,800.3628540039062,3559.233154296875
2024-05-29,731.9855346679688,1084.2281494140625,1337.113037109375,375.5528564453125,3538.563720703125,1423.607421875,792.1776733398438,3525.6328125
2024-05-30,735.1642456054688,1095.7393798828125,1315.4569091796875,369.3655090332031,3538.46630859375,1407.8720703125,795.2590942382812,3463.02001953125
2024-05-31,743.2688598632812,1102.970947265625,1322.4598388671875,371.63128662109375,3572.150146484375,1413.3560791015625,799.5924072265625,3402.632080078125
2024-06-03,762.9964599609375,1141.292724609375,1321.519775390625,375.0299682617188,3793.96728515625,1492.32861328125,872.1032104492188,3432.200927734375
2024-06-04,719.7800903320312,1054.170654296875,1310.005126953125,368.4967956542969,3313.095458984375,1380.625732421875,746.4852905273438,3443.46240234375
2024-06-05,753.0962524414062,1090.7708740234375,1344.2672119140625,381.8983154296875,3318.741943359375,1403.821044921875,760.4962768554688,3472.6142578125
2024-06-06,756.93017578125,1092.49267578125,1383.8875732421875,386.4246215820313,3390.3447265625,1414.541748046875,786.6887817382812,3550.427734375
2024-06-07,763.5545654296875,1103.6103515625,1441.5552978515625,389.7528381347656,3438.971923828125,1452.4346923828125,799.207275390625,3609.33251953125
2024-06-10,757.7066650390625,1105.676513671875,1409.737060546875,387.75592041015625,3449.92431640625,1453.867431640625,800.9887084960938,3576.658935546875
2024-06-11,759.4052734375,1100.1668701171875,1405.97705078125,384.2946166992188,3503.419189453125,1439.3179931640625,804.5997924804688,3570.541748046875
2024-06-12,763.94287109375,1101.4951171875,1396.0601806640625,383.67333984375,3534.182861328125,1445.888671875,808.0182495117188,3551.586181640625
2024-06-13,767.1458129882812,1089.49169921875,1404.2850341796875,381.8983154296875,3605.590576171875,1447.7906494140625,812.6405639648438,3594.687255859375
2024-06-14,774.9835205078125,1087.8192138671875,1399.5382080078125,382.6527404785156,3590.16015625,1459.944091796875,808.1146240234375,3551.95703125
2024-06-18,780.2733764648438,1104.7418212890625,1408.280029296875,380.5226745605469,3591.523193359375,1463.3778076171875,813.603515625,3536.246337890625
2024-06-19,804.5628051757812,1125.993408203125,1420.6407470703125,375.996337890625,3494.901123046875,1441.2694091796875,821.0181884765625,3523.82568359375
2024-06-20,810.143798828125,1138.144287109375,1424.4476318359375,375.6856994628906,3526.7890625,1456.139892578125,812.4960327148438,3510.431640625
2024-06-21,808.396728515625,1139.9644775390625,1440.7093505859375,372.4019165039063,3468.45849609375,1436.8724365234375,805.322021484375,3532.214111328125
2024-06-24,811.6240844726562,1151.229736328125,1435.492431640625,375.6856994628906,3465.12255859375,1424.2989501953125,801.8554077148438,3537.821533203125
2024-06-25,830.5266723632812,1178.630615234375,1449.4041748046875,375.6856994628906,3520.2646484375,1436.8228759765625,811.0516357421875,3557.888916015625
2024-06-26,825.7463989257812,1198.357421875,1448.229248046875,376.2625732421875,3535.12939453125,1495.9844970703125,814.0367431640625,3574.017333984375
2024-06-27,823.1500244140625,1200.2266845703125,1478.9195556640625,377.7270202636719,3497.304931640625,1512.3126220703125,812.73681640625,3646.59375
2024-06-28,817.156494140625,1180.254150390625,1472.7156982421875,377.105712890625,3481.6552734375,1546.7474365234375,817.5034790039062,3618.787109375
2024-07-01,827.5420532226562,1192.3065185546875,1495.3223876953125,380.7889404296875,3460.16748046875,1541.5599365234375,810.7627563476562,3687.424560546875
2024-07-02,839.8687744140625,1171.399169921875,1523.7567138671875,377.6382446289063,3558.236083984375,1546.525146484375,795.5480346679688,3723.759033203125
2024-07-03,858.3346557617188,1182.2218017578125,1529.7257080078125,380.123291015625,3546.31494140625,1533.927001953125,808.8368530273438,3675.4208984375
2024-07-04,838.1945190429688,1213.115478515625,1551.5802001953125,380.7889404296875,3506.037353515625,1535.5079345703125,808.2108764648438,3727.0498046875
2024-07-05,799.8311157226562,1213.509033203125,1548.5721435546875,384.87152099609375,3558.873779296875,1569.695556640625,827.9033813476562,3718.56884765625
2024-07-08,793.6434326171875,1215.1324462890625,1561.9200439453125,393.7023010253906,3563.632568359375,1581.824462890625,824.5330200195312,3701.328125
2024-07-09,794.2015991210938,1228.1195068359375,1557.6900634765625,401.6899108886719,3597.0908203125,1571.3260498046875,829.3959350585938,3694.19091796875
2024-07-10,789.1544799804688,1223.15087890625,1549.32421875,400.6693115234375,3581.3427734375,1565.3480224609375,817.5515747070312,3623.421875
2024-07-11,787.1161499023438,1218.4775390625,1553.507080078125,407.0594177246094,3552.93798828125,1561.815673828125,824.9664306640625,3636.908203125
2024-07-12,787.50439453125,1213.01708984375,1609.012939453125,407.4144592285156,3580.656005859375,1577.6990966796875,827.855224609375,3878.135986328125
2024-07-15,787.213134765625,1210.1146240234375,1604.59521484375,411.275146484375,3582.863525390625,1578.193115234375,848.7033081054688,3864.464111328125
2024-07-16,786.07275390625,1219.9041748046875,1622.4547119140625,413.1832885742188,3568.0966796875,1557.4681396484375,848.0773315429688,3873.037841796875
2024-07-18,783.6704711914062,1230.1365966796875,1652.5343017578125,417.3545837402344,3587.376953125,1567.76904296875,860.451416015625,4000.1171875
2024-07-19,780.0307006835938,1228.5130615234375,1685.3394775390625,421.1709289550781,3550.38671875,1536.61962890625,856.4069213867188,3997.18994140625
2024-07-22,797.1377563476562,1221.1341552734375,1702.1651611328125,414.0707702636719,3582.71630859375,1482.7935791015625,844.3218383789062,3983.20751953125
2024-07-23,785.4175415039062,1206.96630859375,1726.6517333984375,436.8355712890625,3471.450927734375,1470.1708984375,831.8997192382812,3997.14404296875
2024-07-24,778.4534301757812,1203.2767333984375,1723.8787841796875,438.47747802734375,3453.201171875,1477.8779296875,820.4404907226562,4000.76708984375
2024-07-25,784.5440673828125,1178.58154296875,1715.324951171875,434.8386840820313,3551.0244140625,1474.6171875,817.070068359375,4015.864501953125
2024-07-26,785.2962646484375,1187.7314453125,1766.1309814453125,445.7107543945313,3610.630859375,1491.044189453125,830.50341796875,4076.57861328125
2024-07-29,778.9387817382812,1193.142822265625,1758.7991943359375,440.2525024414063,3703.8916015625,1501.987060546875,839.3143920898438,4070.30712890625
2024-07-30,784.034423828125,1189.9451904296875,1764.4859619140625,434.7943115234375,3713.408935546875,1495.1199951171875,840.469970703125,4055.674560546875
2024-07-31,784.1315307617188,1195.307373046875,1756.1201171875,439.63128662109375,3743.187744140625,1487.487060546875,840.0848388671875,4074.25634765625
2024-08-01,795.3178100585938,1190.584716796875,1741.409423828125,438.1669006347656,3708.159912109375,1497.244384765625,830.696044921875,4085.17333984375
2024-08-02,805.1937255859375,1177.2532958984375,1711.8939208984375,434.0842895507813,3596.6982421875,1481.4595947265625,816.4441528320312,3979.212646484375
2024-08-05,784.1315307617188,1153.689453125,1646.7532958984375,431.3329772949219,3461.590087890625,1430.079345703125,781.5850830078125,3860.293212890625
2024-08-06,777.0703125,1148.0322265625,1646.0013427734375,431.5992736816406,3508.8828125,1438.700439453125,768.15185546875,3875.2978515625
2024-08-07,787.892578125,1153.5418701171875,1684.11767578125,437.2349548339844,3569.764892578125,1447.3707275390625,778.6962890625,3902.472900390625
2024-08-08,797.2105102539062,1145.8184814453125,1638.5284423828125,439.0987548828125,3486.6591796875,1431.8577880859375,778.1184692382812,3876.55126953125
2024-08-09,800.8502197265625,1152.70556640625,1664.471923828125,440.1194152832031,3524.4345703125,1456.7330322265625,793.7665405273438,3928.76513671875
2024-08-12,805.65478515625,1163.8199462890625,1689.5224609375,438.9656066894531,3504.712890625,1443.220703125,782.4998779296875,3898.012939453125
2024-08-13,778.0408935546875,1159.4039306640625,1689.5694580078125,434.8830261230469,3484.942138671875,1446.18505859375,768.0073852539062,3899.221435546875
2024-08-14,780.2733764648438,1152.7552490234375,1713.821044921875,436.8355712890625,3478.46630859375,1444.4312744140625,773.2555541992188,3990.54736328125
2024-08-16,792.0662841796875,1178.1591796875,1747.378173828125,446.110107421875,3501.180908203125,1460.58642578125,782.0184326171875,4102.77783203125
2024-08-19,791.7993774414062,1166.8961181640625,1752.8773193359375,445.0451354980469,3488.131103515625,1475.65625,783.5592041015625,4171.482421875
2024-08-20,794.783935546875,1170.4189453125,1759.8328857421875,442.6932067871094,3505.44873046875,1483.1416015625,789.9146728515625,4202.41943359375
2024-08-21,789.0089111328125,1165.8541259765625,1760.302978515625,448.5508117675781,3528.359130859375,1485.8433837890625,785.3406372070312,4228.619140625
2024-08-22,791.6780395507812,1181.979736328125,1767.39990234375,447.7964477539063,3538.612548828125,1485.2979736328125,789.9146728515625,4182.63037109375
2024-08-23,788.6448364257812,1194.2847900390625,1750.3392333984375,448.9058227539063,3530.812255859375,1487.1322021484375,785.1480102539062,4147.23291015625
2024-08-26,795.8758544921875,1204.009765625,1763.546142578125,448.8170471191406,3573.345947265625,1499.6490478515625,784.859130859375,4183.048828125
2024-08-27,794.8082885742188,1216.9598388671875,1786.0584716796875,444.2907409667969,3633.001708984375,1487.6031494140625,785.677734375,4178.12548828125
2024-08-28,794.4927368164062,1214.47900390625,1822.7177734375,441.3619384765625,3619.608642578125,1485.4715576171875,779.41845703125,4186.39404296875
2024-08-29,795.1964721679688,1212.5439453125,1817.31298828125,448.2845764160156,3614.114013671875,1507.90283203125,784.3295288085938,4191.7353515625
2024-08-30,794.395751953125,1219.7879638671875,1827.041748046875,445.4445190429688,3634.914794921875,1496.6995849609375,785.3887939453125,4230.70947265625
2024-09-02,789.56689453125,1220.5322265625,1846.5933837890625,452.6777648925781,3613.770751953125,1503.267822265625,791.6961669921875,4200.32958984375
2024-09-03,794.6141357421875,1238.1463623046875,1824.73876953125,452.1008911132813,3620.687744140625,1496.203857421875,794.2479858398438,4192.24658203125
2024-09-04,796.773681640625,1226.88330078125,1807.0670166015625,449.3939514160156,3582.07861328125,1501.5823974609375,786.2554321289062,4161.494140625
2024-09-05,798.5450439453125,1226.486328125,1817.1248779296875,453.6984252929688,3555.93017578125,1480.192138671875,788.422119140625,4158.42919921875
2024-09-06,794.4199829101562,1198.899169921875,1787.7034912109375,445.2669677734375,3507.460205078125,1452.2830810546875,753.514892578125,4140.5908203125
2024-09-09,799.0546264648438,1225.5435791015625,1780.935791015625,454.1865539550781,3510.943359375,1449.9283447265625,755.2000732421875,4133.9013671875
2024-09-10,800.9229736328125,1227.8260498046875,1797.5263671875,455.8284606933594,3528.457275390625,1449.0113525390625,753.6593017578125,4188.06591796875
2024-09-11,797.7929077148438,1226.88330078125,1795.50537109375,456.49407958984375,3470.371826171875,1439.0721435546875,740.1296997070312,4161.587890625
2024-09-12,808.8092651367188,1242.5623779296875,1833.3865966796875,461.0647888183594,3553.82080078125,1467.1298828125,758.5704345703125,4197.216796875
2024-09-13,808.4937744140625,1240.7760009765625,1827.4176025390625,456.0503234863281,3544.990234375,1460.016357421875,761.5555419921875,4201.77001953125
2024-09-16,810.9202880859375,1253.1802978515625,1833.1986083984373,453.6096801757813,3593.31298828125,1458.752197265625,756.451904296875,4193.08349609375
2024-09-17,809.876953125,1258.39013671875,1835.360595703125,450.636474609375,3625.642822265625,1459.6942138671875,753.9000854492188,4186.02197265625
2024-09-18,822.494873046875,1278.485107421875,1778.585693359375,450.2814636230469,3660.229248046875,1450.919921875,763.3851928710938,4037.83642578125
2024-09-19,829.1435546875,1282.107177734375,1780.5125732421875,451.0802307128906,3614.359130859375,1457.0916748046875,760.6889038085938,3991.38330078125
2024-09-20,845.0130004882812,1328.201416015625,1791.3695068359375,456.5384521484375,3722.48486328125,1473.2025146484375,752.7445068359375,3980.931640625
2024-09-23,854.0397338867188,1311.7781982421875,1782.62744140625,458.8016052246094,3716.401611328125,1480.5887451171875,772.1480712890625,3965.69482421875
2024-09-24,858.0435180664062,1308.50341796875,1784.6485595703125,457.2928771972656,3720.228271484375,1476.6229248046875,768.6814575195312,3968.29638671875
2024-09-25,863.406005859375,1313.7132568359375,1781.546630859375,459.3341369628906,3722.43603515625,1481.15869140625,763.7222290039062,3971.50146484375
2024-09-26,865.5171508789062,1318.87353515625,1786.1995849609375,463.9492492675781,3691.33251953125,1485.12451171875,772.1480712890625,3987.9931640625
2024-09-27,850.5697631835938,1296.5953369140625,1792.309326171875,463.9048461914063,3635.89599609375,1513.10791015625,772.91845703125,4003.043212890625
2024-09-30,840.572509765625,1263.252685546875,1763.0289306640625,459.8666687011719,3606.36279296875,1463.9324951171875,758.71484375,3965.69482421875
2024-10-01,837.7334594726562,1264.6419677734375,1790.05322265625,458.1360168457031,3584.727783203125,1452.2830810546875,767.4296264648438,3983.718994140625
2024-10-03,816.282958984375,1246.7301025390625,1779.7606201171875,455.0740661621094,3431.8115234375,1394.928466796875,764.6851806640625,3932.481201171875
2024-10-04,804.4658203125,1230.2572021484375,1803.025146484375,446.908935546875,3428.180908203125,1374.653564453125,767.1407470703125,3950.597900390625
2024-10-07,785.1264038085938,1224.4520263671875,1818.2060546875,452.8109130859375,3403.063232421875,1358.9888916015625,742.1038208007812,3969.736572265625
2024-10-08,801.2627563476562,1227.13134765625,1831.6007080078125,450.8139953613281,3465.9072265625,1385.3858642578125,752.5037841796875,3951.52685546875
2024-10-09,792.5758056640625,1234.62353515625,1835.548583984375,436.3918151855469,3421.460205078125,1362.8306884765625,767.8629760742188,3951.248779296875
2024-10-10,806.7709350585938,1233.978515625,1803.82421875,436.7024841308594,3395.2138671875,1359.31103515625,767.5740356445312,3927.51025390625
2024-10-11,801.238525390625,1213.635498046875,1818.957763671875,433.2854919433594,3416.995849609375,1360.35205078125,770.1259155273438,3854.8583984375
2024-10-14,819.2432861328125,1222.3184814453125,1841.3294677734373,441.0513000488281,3488.131103515625,1360.7734375,775.3258666992188,3843.19873046875
2024-10-15,817.3020629882812,1245.8865966796875,1841.70556640625,442.4713439941406,3485.0400390625,1332.5174560546875,774.8444213867188,3824.756591796875
2024-10-16,824.9214477539062,1233.6312255859375,1804.8582763671875,437.7231140136719,3466.103759765625,1342.4813232421875,775.61474609375,3804.45654296875
2024-10-17,811.988037109375,1221.8223876953125,1849.977294921875,433.9067993164063,3503.093994140625,1344.811279296875,781.0072631835938,3817.510009765625
2024-10-18,816.2101440429688,1254.8177490234375,1766.788818359375,431.9542541503906,3510.45263671875,1347.66162109375,790.010986328125,3839.908447265625
2024-10-21,838.9466552734375,1249.4095458984375,1741.5504150390625,429.247314453125,3518.10595703125,1357.476806640625,783.7999267578125,3799.675048828125
2024-10-22,832.0797119140625,1257.7947998046875,1740.4693603515625,427.60540771484375,3445.793212890625,1331.8482666015625,761.1222534179688,3739.743896484375
2024-10-23,842.3923950195312,1242.0164794921875,1760.9610595703125,426.3185119628906,3390.356689453125,1327.0645751953125,756.8851928710938,3787.009033203125
2024-10-24,849.1138305664062,1243.15771484375,1751.5142822265625,418.6415100097656,3377.8466796875,1328.3287353515625,765.1185302734375,3769.919189453125
2024-10-25,846.0806884765625,1245.8370361328125,1750.2923583984375,428.0491943359375,3263.784912109375,1316.4808349609375,752.0222778320312,3778.906494140625
2024-10-28,841.6158447265625,1282.95068359375,1753.3941650390625,429.6910705566406,3277.9140625,1322.9251708984375,762.7111206054688,3809.919921875
2024-10-29,850.1814575195312,1321.6519775390625,1748.5933837890625,433.0636291503906,3317.259033203125,1328.52685546875,801.8554077148438,3795.390869140625
2024-10-30,841.8099975585938,1302.1029052734375,1713.2276611328125,436.2586975097656,3344.192626953125,1332.3935546875,791.9850463867188,3804.14501953125
2024-10-31,842.3438720703125,1282.355224609375,1670.589599609375,433.8180541992188,3554.115234375,1320.64501953125,789.8184204101562,3695.925048828125
2024-11-01,843.120361328125,1281.90869140625,1674.0120849609375,435.1493225097656,3558.089111328125,1327.1884765625,790.7813720703125,3710.59375
2024-11-04,831.8612670898438,1267.42041015625,1676.6739501953125,430.0904541015625,3507.165771484375,1291.0009765625,799.1109619140625,3691.92041015625
2024-11-05,853.0933227539062,1286.7711181640625,1667.68994140625,426.1854248046875,3507.50927734375,1294.1240234375,817.7442016601562,3698.626220703125
2024-11-06,851.83154296875,1292.3779296875,1733.762451171875,426.9841613769531,3576.829345703125,1314.002197265625,823.13671875,3855.36865234375
2024-11-07,847.6094360351562,1268.908935546875,1714.131103515625,424.1440734863281,3577.90869140625,1294.470947265625,827.7589111328125,3865.845458984375
2024-11-08,851.4432983398438,1249.2109375,1739.704345703125,424.2772216796875,3591.399658203125,1272.758544921875,811.9182739257812,3862.213623046875
2024-11-11,857.1941528320312,1259.5810546875,1768.367431640625,423.3009643554688,3560.5419921875,1261.802978515625,816.2516479492188,3910.363525390625
2024-11-12,833.8509521484375,1260.8709716796875,1776.6385498046875,419.6621398925781,3523.747802734375,1263.33984375,796.0775756835938,3909.152587890625
2024-11-13,815.967529296875,1244.100341796875,1776.2581787109375,419.0852661132813,3481.16455078125,1241.3299560546875,778.6962890625,3865.33349609375
2024-11-14,821.5,1247.325439453125,1772.5980224609375,413.5382995605469,3459.873291015625,1256.746826171875,774.459228515625,3861.18896484375
2024-11-18,827.4934692382812,1243.852294921875,1722.1165771484375,414.0707702636719,3475.473876953125,1249.9554443359375,784.136962890625,3743.469482421875
2024-11-19,845.5226440429688,1239.53564453125,1734.7607421875,414.7807922363281,3439.906005859375,1231.0189208984375,773.2555541992188,3762.142333984375
2024-11-21,845.0130004882812,1240.974609375,1743.602294921875,405.7281494140625,3417.927734375,1212.528564453125,751.8296508789062,3793.15625
2024-11-22,847.1483154296875,1268.2640380859375,1808.4388427734373,421.25970458984375,3535.6689453125,1254.565673828125,785.8220825195312,3953.11083984375
2024-11-25,866.560546875,1290.9886474609375,1796.507568359375,423.1678161621094,3682.35498046875,1275.9805908203125,813.1701049804688,4018.76953125
2024-11-26,866.5363159179688,1294.9580078125,1829.2589111328125,423.3453674316406,3632.90380859375,1284.6060791015625,808.3071899414062,4053.78759765625
2024-11-27,879.5181884765625,1290.740478515625,1829.591552734375,423.3009643554688,3629.076904296875,1282.1275634765625,803.2034912109375,4035.021484375
2024-11-28,870.2245483398438,1276.5003662109375,1765.0875244140625,421.4815368652344,3597.041748046875,1259.91943359375,807.7775268554688,3953.39013671875
2024-11-29,871.632080078125,1290.1451416015625,1766.2283935546875,423.12347412109375,3654.685791015625,1281.1361083984375,807.8739013671875,3977.558349609375
2024-12-02,875.8298950195312,1294.6602783203125,1787.095947265625,423.5228576660156,3634.326171875,1297.9410400390625,805.4183959960938,3982.959716796875
2024-12-03,886.3125,1298.381591796875,1798.789306640625,419.39593505859375,3715.763916015625,1311.969970703125,822.3182373046875,4007.267578125
2024-12-04,902.7157592773438,1305.9730224609375,1796.0799560546875,414.5589599609375,3718.560302734375,1297.74267578125,827.855224609375,4055.370849609375
2024-12-05,905.457763671875,1326.2664794921875,1839.4310302734373,414.9139709472656,3759.426513671875,1310.7305908203125,833.3922729492188,4157.49072265625
2024-12-06,900.6531982421875,1318.5758056640625,1827.594970703125,418.15338134765625,3793.91455078125,1300.320556640625,831.6589965820312,4140.21435546875
2024-12-09,907.5203247070312,1312.1751708984375,1828.783447265625,412.6507568359375,3872.99755859375,1284.0609130859375,826.266357421875,4146.40771484375
2024-12-10,906.59814453125,1320.2626953125,1852.45556640625,413.0945434570313,3849.3017578125,1273.8489990234375,835.3663330078125,4128.15380859375
2024-12-11,904.1716918945312,1317.3353271484375,1876.79296875,412.9169921875,3843.0224609375,1267.2559814453125,829.684814453125,4123.40478515625
2024-12-12,902.30322265625,1319.0718994140625,1889.0091552734373,408.79010009765625,3787.242431640625,1252.0870361328125,822.0775146484375,4149.015625
2024-12-13,908.3695678710938,1334.6021728515625,1901.0828857421875,417.1327209472656,3813.83251953125,1261.9517822265625,829.63671875,4166.66455078125
2024-12-16,905.1907958984376,1335.7928466796875,1882.4019775390625,417.2214965820313,3804.854736328125,1257.4407958984375,829.0589599609375,4111.99609375
2024-12-17,889.6853637695312,1323.5374755859375,1879.1220703125,416.73333740234375,3735.534423828125,1234.6378173828125,819.044189453125,4031.249267578125
2024-12-18,878.74169921875,1304.087646484375,1881.5465087890625,417.5765075683594,3687.407958984375,1242.5196533203125,807.103515625,4049.271240234375
2024-12-19,870.3944702148438,1277.0462646484375,1850.2213134765625,414.0707702636719,3646.394775390625,1219.914794921875,801.95166015625,3978.5361328125
2024-12-20,859.7177734375,1278.5347900390625,1827.357421875,412.384521484375,3561.523193359375,1194.9803466796875,781.922119140625,3883.913330078125
2024-12-23,874.0343017578125,1286.8704833984375,1829.4014892578125,420.9046630859375,3571.972412109375,1211.834716796875,790.7332763671875,3872.737548828125
2024-12-24,872.6268310546875,1287.3170166015625,1814.903564453125,424.6322326660156,3571.236572265625,1212.2808837890625,781.9702758789062,3892.48193359375
2024-12-26,869.059814453125,1287.4161376953125,1813.3348388671875,423.3009643554688,3561.1796875,1206.1339111328125,782.35546875,3882.796142578125
2024-12-27,872.6996459960938,1297.5382080078125,1822.2237548828125,424.7653503417969,3540.1826171875,1210.595458984375,770.0296630859375,3878.837890625
2024-12-30,862.82373046875,1284.7369384765625,1812.00390625,423.3453674316406,3511.5810546875,1200.3338623046875,759.1000366210938,3873.203125
2024-12-31,860.3728637695312,1271.83642578125,1787.2860107421875,429.247314453125,3539.74072265625,1205.043212890625,765.5037231445312,3813.598388671875
2025-01-01,865.1774291992188,1273.8211669921875,1789.6627197265625,429.5135803222656,3598.464111328125,1210.7935791015625,763.8185424804688,3830.036376953125
2025-01-02,870.5158081054688,1280.7178955078125,1861.2967529296875,434.0399169921875,3643.598388671875,1231.167724609375,771.522216796875,3888.989501953125
2025-01-03,848.8954467773438,1255.363525390625,1843.1387939453125,427.4279174804688,3591.007080078125,1240.4376220703125,764.0111694335938,3818.34814453125
2025-01-06,830.1141357421875,1254.4207763671875,1842.2830810546875,407.9892883300781,3535.37451171875,1207.571533203125,747.6408081054688,3813.78466796875
2025-01-07,831.5215454101562,1269.454833984375,1835.6282958984373,406.5606994628906,3574.7197265625,1230.2257080078125,749.9037475585938,3751.665283203125
2025-01-08,822.2522583007812,1254.073486328125,1837.81494140625,414.34906005859375,3528.653564453125,1254.664794921875,742.5853271484375,3826.263916015625
2025-01-09,809.3916625976562,1252.73388671875,1822.74658203125,414.8560180664063,3461.491943359375,1244.0068359375,732.2816162109375,3761.49072265625
2025-01-10,804.029052734375,1240.2799072265625,1869.947998046875,410.0631408691406,3469.586669921875,1231.266845703125,715.71875,3972.715576171875
2025-01-13,791.4595947265625,1220.3338623046875,1865.4322509765625,404.6712341308594,3399.08935546875,1229.234375,702.4780883789062,3996.41796875
2025-01-14,799.1031494140625,1230.8031005859375,1844.374755859375,402.4130554199219,3397.421142578125,1228.143798828125,720.437255859375,3942.354248046875
2025-01-15,797.38037109375,1228.7686767578125,1853.501220703125,403.1043701171875,3435.49072265625,1241.478515625,725.7816772460938,3957.767822265625
2025-01-16,801.7481079101562,1239.53564453125,1833.3466796875,398.9567260742188,3441.868408203125,1255.6065673828125,737.9149169921875,3917.441162109375
2025-01-17,794.3229370117188,1216.066650390625,1725.9193115234375,405.7311706542969,3501.474853515625,1291.19921875,735.79638671875,3911.750244140625
2025-01-20,801.35986328125,1223.50927734375,1723.87548828125,403.4269104003906,3525.36669921875,1294.272705078125,750.38525390625,3867.64697265625
2025-01-21,797.0648803710938,1186.9910888671875,1711.896728515625,403.2886962890625,3474.443603515625,1262.7945556640625,730.9334716796875,3827.859130859375
2025-01-22,808.5423583984375,1191.258056640625,1764.8974609375,402.78173828125,3451.974609375,1266.16552734375,725.5409545898438,3942.3857421875
2025-01-23,807.9843139648438,1192.5482177734375,1773.4534912109375,405.7311706542969,3437.30615234375,1252.8306884765625,718.2706298828125,3931.810546875
2025-01-24,800.6561889648438,1199.941162109375,1782.96044921875,407.02154541015625,3393.10400390625,1235.6292724609375,716.58544921875,3938.355224609375
2025-01-27,790.9500732421875,1218.547607421875,1732.1463623046875,405.6390380859375,3392.564453125,1218.82421875,721.4483642578125,3855.648681640625
2025-01-28,810.6535034179688,1237.3525390625,1739.5142822265625,401.3531494140625,3349.637939453125,1223.8310546875,724.5298461914062,3832.07958984375
2025-01-29,814.0020141601562,1242.066162109375,1788.474365234375,399.4175415039063,3384.763916015625,1224.921630859375,730.355712890625,3888.512939453125
2025-01-30,820.8933715820312,1245.98583984375,1768.224853515625,402.0444030761719,3356.55517578125,1242.3214111328125,734.3519897460938,3888.75
2025-01-31,824.4118041992188,1243.2073974609375,1787.095947265625,412.4595642089844,3500.248291015625,1254.2681884765625,744.2705078125,3900.4638671875
2025-02-01,820.6264038085938,1245.936279296875,1760.0489501953125,426.3310852050781,3382.60546875,1253.7724609375,737.6260375976562,3863.236572265625
2025-02-03,814.3417358398438,1243.40576171875,1771.40966796875,418.7732238769531,3227.285400390625,1235.232666015625,732.7631225585938,3858.96826171875
2025-02-04,835.1613159179688,1258.4893798828125,1805.158935546875,419.5105285644531,3374.412353515625,1274.196044921875,750.3370971679688,3895.389404296875
2025-02-05,843.3629760742188,1257.9931640625,1803.495361328125,413.0586853027344,3319.515625,1267.2559814453125,737.6741943359375,3880.26171875
2025-02-06,846.299072265625,1262.6572265625,1821.177978515625,406.5606994628906,3289.63916015625,1270.577392578125,724.3853759765625,3872.341796875
2025-02-07,840.9122314453125,1247.2760009765625,1809.769775390625,397.1133117675781,3274.08740234375,1255.8544921875,709.8928833007812,3821.7412109375
2025-02-10,832.6619873046875,1252.9322509765625,1787.5712890625,393.7491149902344,3265.99267578125,1242.916259765625,709.5076904296875,3828.902099609375
2025-02-11,825.6978759765625,1243.15771484375,1783.1505126953125,385.5460205078125,3178.66796875,1224.2772216796875,704.0187377929688,3759.28466796875
2025-02-12,828.3185424804688,1242.2149658203125,1771.2669677734375,383.7671508789063,3227.726806640625,1206.1339111328125,705.992919921875,3746.5751953125
2025-02-13,823.9022827148438,1239.337158203125,1752.348388671875,383.5799255371094,3202.216064453125,1205.6876220703125,700.6965942382812,3708.63671875
2025-02-14,822.5191040039062,1250.451416015625,1764.849853515625,384.0948181152344,3176.70556640625,1206.827880859375,695.400390625,3732.06396484375
2025-02-17,833.4384765625,1241.5699462890625,1751.4453125,382.550048828125,3161.203125,1214.4124755859375,700.7447509765625,3703.278076171875
2025-02-18,836.2047729492188,1233.531982421875,1760.619384765625,379.4136047363281,3159.534912109375,1214.908203125,698.9151000976562,3673.591064453125
2025-02-19,838.21875,1251.9896240234375,1721.498779296875,380.49029541015625,3214.2353515625,1216.9404296875,700.3595581054688,3589.083251953125
2025-02-20,818.7579956054688,1240.379150390625,1735.14111328125,376.4176330566406,3214.137451171875,1222.4429931640625,702.6707153320312,3584.625244140625
2025-02-21,821.3786010742188,1223.50927734375,1725.4915771484375,375.3409118652344,3252.69775390625,1217.634521484375,695.255859375,3590.885009765625
2025-02-24,813.9049682617188,1209.0211181640625,1677.101806640625,376.2771911621094,3196.378173828125,1204.151123046875,689.8633422851562,3486.1748046875
2025-02-25,816.4528198242188,1214.7767333984375,1680.524169921875,379.03912353515625,3165.176513671875,1193.69140625,684.5670776367188,3442.498046875
2025-02-27,825.358154296875,1213.0897216796875,1677.2919921875,375.9963073730469,3149.08544921875,1196.7647705078125,677.8263549804688,3426.3740234375
2025-02-28,840.7423095703125,1194.8802490234375,1604.4696044921875,369.8170776367188,3104.294921875,1189.82470703125,663.28564453125,3303.737548828125
2025-03-03,825.7706909179688,1196.964111328125,1624.3388671875,372.1109008789063,3137.115234375,1161.2216796875,669.544921875,3313.03271484375
2025-03-04,829.8715209960938,1201.1319580078125,1605.0399169921875,369.6766357421875,3152.519775390625,1151.9517822265625,689.5262451171875,3350.022705078125
2025-03-05,820.1654052734375,1206.391357421875,1627.0958251953125,379.226318359375,3178.66796875,1165.534423828125,703.2965698242188,3364.249755859375
2025-03-06,820.7477416992188,1208.7235107421875,1631.231201171875,379.8349304199219,3198.53662109375,1199.2432861328125,704.93359375,3415.988525390625
2025-03-07,819.8013916015625,1205.250244140625,1602.853271484375,378.1496887207031,3183.623046875,1239.0992431640625,705.6077270507812,3425.093505859375
2025-03-10,818.9521484375,1205.5478515625,1617.5413818359375,379.1795349121094,3117.884033203125,1227.796875,701.9003295898438,3404.654052734375
2025-03-11,817.9815673828125,1235.864013671875,1579.6566162109375,380.3030395507813,3135.300048828125,1236.62060546875,702.8150634765625,3391.04345703125
2025-03-12,830.4296264648438,1234.425048828125,1512.3956298828125,386.1077575683594,3133.53369140625,1246.2872314453125,696.2670288085938,3325.504638671875
2025-03-13,828.2214965820312,1240.4783935546875,1501.938232421875,385.7800598144531,3127.303466796875,1237.2154541015625,700.88916015625,3330.10498046875
2025-03-17,830.0656127929688,1259.2833251953125,1511.63525390625,381.9414978027344,3113.714111328125,1228.242919921875,696.3633422851562,3317.442626953125
2025-03-18,830.0656127929688,1259.2833251953125,1511.63525390625,383.0181274414063,3113.714111328125,1228.242919921875,696.3633422851562,3317.442626953125
2025-03-19,846.42041015625,1303.0455322265625,1508.307861328125,377.3538513183594,3257.06396484375,1236.471923828125,717.5001831054688,3316.873779296875
2025-03-20,858.3832397460938,1311.5797119140625,1535.8778076171875,378.1965026855469,3287.970947265625,1258.283447265625,721.7853393554688,3379.519775390625
2025-03-21,859.15966796875,1332.81591796875,1514.011962890625,379.6944885253906,3351.6494140625,1265.421875,725.3001708984375,3393.699462890625
2025-03-24,873.5489501953125,1347.750732421875,1514.2021484375,384.7033996582031,3416.30908203125,1290.951416015625,751.8778076171875,3441.928955078125
2025-03-25,883.958740234375,1333.4112548828125,1548.1414794921875,383.6734924316406,3404.28955078125,1274.4439697265625,744.2222900390625,3469.24462890625
2025-03-26,876.7277221679688,1325.6710205078125,1520.571533203125,381.3797302246094,3379.95654296875,1262.150146484375,735.7001342773438,3448.42578125
2025-03-27,885.8514404296875,1326.415283203125,1524.469482421875,383.3458557128906,3435.687255859375,1267.2559814453125,743.6926879882812,3463.0322265625
2025-03-28,887.2344970703125,1338.025634765625,1493.19189453125,383.626708984375,3426.562255859375,1264.1824951171875,742.92236328125,3420.303466796875
2025-04-01,857.9463500976562,1308.3546142578125,1451.21923828125,380.724365234375,3372.10693359375,1241.8751220703125,743.1149291992188,3367.806396484375
2025-04-02,872.0444946289062,1321.056640625,1473.7030029296875,382.9713134765625,3355.52490234375,1240.4376220703125,747.20751953125,3361.309326171875
2025-04-03,871.0496215820312,1319.3697509765625,1422.69873046875,383.2990112304688,3355.77001953125,1238.008544921875,750.3370971679688,3227.765625
2025-04-04,881.9447631835938,1325.07568359375,1380.0606689453125,383.5799255371094,3198.78173828125,1194.38525390625,739.0223999023438,3129.3623046875
2025-04-07,853.0205078125,1277.6912841796875,1327.8680419921875,380.16259765625,3010.73974609375,1155.71923828125,719.2335815429688,3105.31884765625
2025-04-08,858.5773315429688,1289.9466552734375,1358.3375244140625,386.2481994628906,3101.5966796875,1172.0780029296875,740.1296997070312,3123.244873046875
2025-04-09,856.5632934570312,1290.83984375,1334.4752197265625,389.7591247558594,2996.65966796875,1175.2010498046875,714.7076416015625,3079.28369140625
2025-04-11,876.8247680664062,1301.606689453125,1339.941650390625,394.6743774414063,3057.29638671875,1208.5133056640625,725.9260864257812,3064.9619140625
2025-04-15,905.0452270507812,1339.8614501953125,1355.675537109375,393.59771728515625,3196.2802734375,1229.4822998046875,735.2186279296875,3080.801025390625
2025-04-16,911.4027099609376,1346.0140380859375,1343.4117431640625,397.3895263671875,3166.94287109375,1228.689208984375,743.1630859375,3105.08203125
2025-04-17,925.3309326171876,1395.9288330078125,1349.49609375,400.0110168457031,3186.174072265625,1263.5877685546875,767.9111328125,3128.888427734375
2025-04-21,935.231201171875,1399.0052490234375,1379.442626953125,395.89154052734375,3218.7490234375,1284.407958984375,786.447998046875,3150.41845703125
2025-04-22,952.0227661132812,1405.6539306640625,1352.6334228515625,405.9561767578125,3196.4765625,1280.1446533203125,791.9369506835938,3143.58935546875
2025-04-23,933.67822265625,1413.493408203125,1402.1640625,403.3815002441406,3238.863037109375,1288.869384765625,783.3184204101562,3237.1083984375
2025-04-24,930.2325439453124,1391.95947265625,1398.836669921875,402.6324768066406,3238.470703125,1290.4556884765625,783.2703247070312,3226.29541015625
2025-04-25,927.5148315429688,1394.04345703125,1407.2025146484375,400.5259399414063,3210.50732421875,1289.2659912109375,769.0667114257812,3270.30419921875
2025-04-28,931.882568359375,1417.8597412109375,1409.0087890625,401.462158203125,3264.668212890625,1357.080322265625,787.073974609375,3266.0361328125
2025-04-29,926.3501586914062,1418.85205078125,1423.6494140625,398.8406982421875,3259.76220703125,1387.7156982421875,782.4517211914062,3293.54150390625
2025-04-30,934.2120361328124,1416.073486328125,1426.1212158203125,398.6534423828125,3278.110107421875,1392.9703369140625,759.4371337890625,3275.71044921875
2025-05-02,932.7075805664062,1419.149658203125,1432.5858154296875,402.1175537109375,3272.125,1407.6436767578125,767.1888427734375,3254.180419921875
2025-05-05,939.9386596679688,1418.455078125,1434.2020263671875,409.0926208496094,3267.513427734375,1419.0452880859375,760.737060546875,3276.279541015625
2025-05-06,937.4635620117188,1420.63818359375,1436.958984375,407.7818603515625,3271.241943359375,1408.7342529296875,745.4259643554688,3281.68603515625
2025-05-07,944.2092895507812,1424.4091796875,1433.9168701171875,403.662353515625,3258.879150390625,1393.9617919921875,747.3518676757812,3267.5537109375
2025-05-08,935.91064453125,1424.5084228515625,1436.8638916015625,403.1474304199219,3261.33203125,1394.9532470703125,740.5149536132812,3271.15771484375
2025-05-09,917.080810546875,1378.2652587890625,1433.2513427734375,396.5469055175781,3379.072998046875,1365.408447265625,750.38525390625,3263.001220703125
2025-05-12,949.8388671875,1437.4088134765625,1546.6678466796875,407.7350463867188,3519.67578125,1424.20068359375,771.9555053710938,3433.8193359375
2025-05-13,933.0473022460938,1419.6458740234375,1491.242919921875,400.61956787109375,3499.85595703125,1403.5787353515625,772.0518188476562,3333.8515625
2025-05-14,927.2236938476562,1415.279541015625,1513.869384765625,401.74310302734375,3505.84130859375,1412.2042236328125,771.0407104492188,3365.814697265625
2025-05-15,938.4827270507812,1439.6912841796875,1533.4534912109375,405.0667114257813,3550.092041015625,1441.7491455078125,777.82958984375,3395.40625
2025-05-16,938.9195556640624,1442.86669921875,1511.49267578125,407.92230224609375,3536.84619140625,1443.9302978515625,778.0751342773438,3377.765380859375
2025-05-19,940.8607788085938,1437.905029296875,1482.8770751953125,407.5946044921875,3532.43115234375,1428.4638671875,780.9237670898438,3337.45556640625
2025-05-20,929.310546875,1427.1876220703125,1483.6375732421875,407.17327880859375,3500.640869140625,1412.402587890625,771.7393798828125,3318.01220703125
2025-05-21,935.085693359375,1433.637939453125,1491.1480712890625,405.3944396972656,3521.44189453125,1416.963134765625,773.1636352539062,3344.0947265625
2025-05-22,931.7369995117188,1431.057861328125,1471.18359375,398.934326171875,3484.549560546875,1397.332763671875,771.346435546875,3297.809326171875
2025-05-23,938.3856811523438,1438.698974609375,1487.6304931640625,408.4840393066406,3532.13671875,1414.5838623046875,776.5034790039062,3333.47216796875
2025-05-26,941.5886840820312,1449.4161376953125,1502.55615234375,414.6632690429688,3580.01806640625,1422.5152587890625,780.33447265625,3355.002197265625
2025-05-27,934.8429565429688,1435.324951171875,1492.6690673828125,406.237060546875,3571.48193359375,1409.9239501953125,779.6468505859375,3318.391357421875
2025-05-28,933.484130859375,1442.6683349609375,1494.2852783203125,400.65911865234375,3577.663330078125,1400.802734375,782.4463500976562,3317.442626953125
2025-05-29,935.42529296875,1445.3475341796875,1507.404541015625,399.2765197753906,3586.494140625,1405.660888671875,783.232177734375,3317.82275390625
2025-05-30,943.86962890625,1434.7296142578125,1506.5369873046875,398.6090698242188,3605.92138671875,1408.7342529296875,797.91748046875,3284.91064453125
2025-06-02,937.65771484375,1439.3935546875,1497.9569091796875,399.8009338378906,3610.336669921875,1401.5958251953125,799.2435913085938,3272.011474609375
2025-06-03,934.0178833007812,1426.8900146484375,1487.5450439453125,397.5602722167969,3609.54443359375,1393.4661865234375,795.4617309570312,3229.7099609375
2025-06-04,942.073974609375,1420.0428466796875,1495.4503173828125,397.60791015625,3591.42138671875,1411.31201171875,792.2201538085938,3235.1640625
2025-06-05,946.1505126953124,1443.66064453125,1498.43896484375,399.6102600097656,3607.36572265625,1430.0501708984375,791.72900390625,3225.786865234375
2025-06-06,960.2728881835938,1448.5230712890625,1507.5975341796875,401.4695739746094,3620.93310546875,1431.1407470703125,798.6541748046875,3238.322021484375
2025-06-09,960.3699951171876,1423.8138427734375,1516.3704833984375,403.3765563964844,3643.314453125,1436.3953857421875,805.5302734375,3274.39697265625
2025-06-10,953.7698974609376,1412.0048828125,1538.6402587890625,407.1428833007813,3644.205810546875,1426.1834716796875,802.5833740234375,3313.62939453125
2025-06-11,946.538818359375,1420.0428466796875,1572.4786376953125,406.3323974609375,3649.157470703125,1436.4945068359375,800.6187744140625,3322.24169921875
2025-06-12,943.1417236328124,1414.2872314453125,1550.7874755859375,401.421875,3569.039794921875,1429.257080078125,791.679931640625,3286.166748046875
2025-06-13,930.6207885742188,1405.2569580078125,1544.4246826171875,394.6520690917969,3552.699462890625,1415.67431640625,778.3206787109375,3297.1708984375
2025-06-16,939.2592163085938,1415.9742431640625,1565.441162109375,398.7521362304688,3593.599853515625,1425.4896240234375,778.4680786132812,3345.590087890625
2025-06-17,936.4445190429688,1412.302490234375,1580.962646484375,397.98931884765625,3587.261962890625,1418.946044921875,778.2716064453125,3363.770751953125
2025-06-18,938.5313110351562,1401.78369140625,1574.214111328125,396.5590515136719,3566.6630859375,1417.85546875,777.8787231445312,3302.625
2025-06-19,939.2107543945312,1400.4937744140625,1560.2352294921875,396.6544189453125,3586.07373046875,1421.0281982421875,771.1990356445312,3276.406494140625
2025-06-20,953.4786987304688,1416.1727294921875,1564.573486328125,399.0858154296875,3626.577880859375,1453.6463623046875,782.053466796875,3287.60205078125
2025-06-23,945.5681762695312,1409.226318359375,1527.071533203125,394.6520690917969,3549.03515625,1444.326904296875,776.2088012695312,3247.316650390625
2025-06-24,951.634521484375,1413.1956787109375,1524.7576904296875,395.0811767578125,3569.93115234375,1438.3782958984375,781.3167114257812,3244.254638671875
2025-06-25,961.0009155273438,1414.8826904296875,1556.8609619140625,396.9881286621094,3584.7861328125,1454.737060546875,785.8843383789062,3296.309814453125
2025-06-26,981.1896362304688,1428.080810546875,1557.9215087890625,400.7544250488281,3624.201171875,1482.497314453125,782.9375,3293.43896484375
2025-06-27,988.5982666015624,1451.00390625,1550.208984375,399.1811828613281,3643.611572265625,1502.4251708984375,791.1396484375,3292.76953125
2025-06-30,982.023681640625,1434.7296142578125,1544.2318115234375,397.08349609375,3634.302490234375,1487.7518310546875,805.824951171875,3312.768310546875
2025-07-01,987.2244873046876,1421.03515625,1549.0521240234375,395.7962646484375,3631.232421875,1515.3138427734375,805.7758178710938,3281.8603515625
2025-07-02,974.418701171875,1416.867431640625,1552.619140625,393.7462463378906,3562.008544921875,1505.7960205078125,798.5068969726562,3275.736572265625
2025-07-03,974.9583740234376,1414.98193359375,1560.5244140625,394.1276550292969,3548.242919921875,1504.8046875,792.8095092773438,3254.206787109375
2025-07-04,976.037841796875,1431.7525634765625,1581.7337646484375,393.3648376464844,3559.830078125,1514.223388671875,797.4754028320312,3272.387451171875
2025-07-07,975.1055908203124,1424.706787109375,1568.526123046875,396.7974548339844,3546.757568359375,1528.3016357421875,792.56396484375,3264.636474609375
2025-07-08,981.974609375,1430.9586181640625,1579.8056640625,397.7986450195313,3571.515625,1524.4349365234375,798.2612915039062,3259.37353515625
2025-07-09,986.7828369140624,1420.93603515625,1574.9852294921875,399.9440002441406,3545.073974609375,1505.9942626953125,796.5913696289062,3237.939208984375
2025-07-10,984.3296508789062,1413.1956787109375,1557.7286376953125,397.46490478515625,3540.122314453125,1504.2095947265625,793.693603515625,3236.216796875
2025-07-11,973.2902221679688,1411.0125732421875,1537.579833984375,397.4172058105469,3506.352294921875,1482.3980712890625,794.3321533203125,3125.217041015625
2025-07-14,972.94677734375,1412.1041259765625,1513.8638916015625,399.8963012695313,3462.08447265625,1470.9964599609375,794.528564453125,3083.78369140625
2025-07-15,979.079833984375,1419.844482421875,1528.614013671875,402.47076416015625,3460.202880859375,1472.6820068359375,801.9940185546875,3112.107666015625
2025-07-16,979.4722900390624,1415.4781494140625,1550.112548828125,404.8544921875,3469.908203125,1472.8802490234375,816.9739990234375,3104.234619140625
2025-07-17,974.8602294921876,1407.8370361328125,1526.5894775390625,404.2347106933594,3440.396484375,1463.7591552734375,814.32177734375,3081.287109375
2025-07-18,960.38623046875,1414.8826904296875,1529.0960693359375,403.0905151367188,3431.285400390625,1463.362548828125,808.7717895507812,3062.756103515625
2025-07-21,981.5330200195312,1454.576416015625,1527.36083984375,400.5637512207031,3468.91796875,1416.3682861328125,809.6068115234375,3032.31982421875
2025-07-22,984.771240234375,1462.316650390625,1514.4423828125,396.6544189453125,3431.08740234375,1400.70361328125,800.5697021484375,3033.663818359375
2025-07-23,993.2103881835938,1477.2017822265625,1517.9129638671875,395.65325927734375,3451.19091796875,1412.402587890625,806.1196899414062,3052.386962890625
2025-07-24,988.2548217773438,1472.0416259765625,1496.70361328125,390.8857727050781,3443.862548828125,1390.888427734375,801.25732421875,3022.5263671875
2025-07-25,985.9922485351562,1465.789794921875,1461.2261962890625,390.361328125,3409.59716796875,1379.7841796875,792.269287109375,3010.812744140625
2025-07-28,987.9105224609376,1477.00341796875,1461.515380859375,390.8381042480469,3389.097412109375,1375.71923828125,783.0357666015625,2956.56494140625
2025-07-29,994.3539428710938,1474.8201904296875,1459.2979736328125,389.4555358886719,3461.78759765625,1404.9666748046875,785.0494384765625,2934.193115234375
2025-07-30,996.4197998046876,1471.04931640625,1464.40771484375,388.6450500488281,3629.64794921875,1398.026611328125,787.4560546875,2931.88916015625
2025-07-31,992.6815795898438,1470.0570068359375,1454.76708984375,392.7927856445313,3601.324462890625,1378.2969970703125,782.4463500976562,2915.758544921875
2025-08-01,989.7304077148438,1460.3319091796875,1416.782958984375,397.08349609375,3552.6005859375,1381.76708984375,779.9415283203125,2883.305908203125
2025-08-04,979.7947387695312,1451.9962158203125,1427.291259765625,397.46490478515625,3595.976806640625,1399.4146728515625,781.6113891601562,2951.85986328125
2025-08-05,972.7118530273438,1433.3402099609375,1407.8173828125,394.8904418945313,3617.26904296875,1379.7841796875,786.4246215820312,2941.7783203125
2025-08-06,976.499267578125,1432.54638671875,1385.0654296875,392.8404235839844,3593.302734375,1380.874755859375,790.8941040039062,2911.43798828125
2025-08-07,981.4671020507812,1429.271728515625,1385.25830078125,394.3660278320313,3606.375244140625,1377.5040283203125,790.8941040039062,2925.552001953125
2025-08-08,970.8920288085938,1424.9053955078125,1371.9542236328125,395.2241821289063,3572.7041015625,1356.0888671875,790.0591430664062,2915.374267578125
2025-08-11,981.5654296875,1425.5999755859375,1376.8709716796875,397.46490478515625,3632.916015625,1374.331298828125,808.8700561523438,2919.59912109375
2025-08-12,968.924560546875,1422.0,1372.918212890625,396.9881286621094,3650.44482421875,1368.5810546875,806.0704956054688,2914.414306640625
2025-08-13,974.0399169921876,1420.800048828125,1375.328369140625,394.8427734375,3657.97119140625,1370.7620849609375,807.29833984375,2915.182373046875
2025-08-14,979.35205078125,1427.300048828125,1395.6700439453125,392.3160095214844,3641.432861328125,1367.4774169921875,811.9151611328125,2901.83642578125
2025-08-18,985.5003662109376,1434.5999755859375,1384.1978759765625,387.4054870605469,3599.938232421875,1375.3409423828125,812.9957275390625,2891.1787109375
2025-08-19,979.35205078125,1436.300048828125,1388.246826171875,390.0752868652344,3578.052001953125,1413.564208984375,815.697021484375,2895.9794921875
2025-08-20,977.9256591796876,1430.5999755859375,1442.427001953125,387.1671142578125,3557.55224609375,1406.4969482421875,814.272705078125,2975.095458984375
2025-08-21,979.4012451171876,1446.0,1442.619873046875,386.69036865234375,3577.65576171875,1418.24267578125,811.0802612304688,2978.936279296875
2025-08-22,966.317626953125,1436.4000244140625,1434.0396728515625,379.7774963378906,3561.018310546875,1402.71435546875,801.7975463867188,2932.273193359375
2025-08-25,966.0717163085938,1433.199951171875,1477.0367431640625,380.7787170410156,3568.247802734375,1406.0987548828125,801.9940185546875,3015.421630859375
2025-08-26,957.5625,1416.5999755859375,1474.6265869140625,384.59271240234375,3507.04541015625,1378.5262451171875,793.5462646484375,3031.359619140625
2025-08-28,942.2162475585938,1399.0999755859375,1446.1868896484375,382.2566223144531,3525.66357421875,1379.521728515625,787.750732421875,2970.390625
2025-08-29,936.1171264648438,1397.800048828125,1416.782958984375,390.695068359375,3566.16796875,1350.9537353515625,788.291015625,2961.74951171875
2025-09-01,935.1333618164062,1411.0,1445.511962890625,386.9764404296875,3563.593017578125,1347.6689453125,791.7781372070312,2988.537353515625
2025-09-02,929.1326904296876,1394.199951171875,1444.837158203125,387.8345947265625,3540.3203125,1360.2109375,789.666259765625,2987.4814453125
2025-09-03,938.9207763671876,1397.0,1425.941650390625,392.60205078125,3565.969970703125,1366.2828369140625,797.7701416015625,2974.039306640625
2025-09-04,945.610107421875,1405.5,1410.420166015625,396.5590515136719,3557.849365234375,1353.0440673828125,795.06884765625,2972.310791015625
2025-09-05,947.7251586914062,1402.800048828125,1392.6815185546875,388.40667724609375,3519.2265625,1368.671875,792.318359375,2926.80029296875
2025-09-08,950.2828369140624,1402.699951171875,1381.4019775390625,388.5973815917969,3495.458740234375,1372.15576171875,794.4794311523438,2898.66796875
2025-09-09,949.4467163085938,1403.699951171875,1450.2359619140625,390.9811096191406,3490.903076171875,1369.8662109375,794.528564453125,2927.8564453125
2025-09-10,950.1845092773438,1403.9000244140625,1477.518798828125,393.8415832519531,3515.661376953125,1370.66259765625,803.7130126953125,2986.041015625
2025-09-11,952.0535278320312,1401.5999755859375,1455.4417724609375,395.7485961914063,3505.4609375,1376.9337158203125,809.0665283203125,2999.675048828125
2025-09-12,951.5617065429688,1417.699951171875,1470.7703857421875,394.509033203125,3545.173095703125,1388.579833984375,808.96826171875,3008.508056640625
2025-09-15,951.3157348632812,1419.4000244140625,1454.1885986328125,393.460205078125,3551.510986328125,1392.8599853515625,810.1470336914062,2987.865234375
2025-09-16,951.1190185546876,1421.5999755859375,1456.9844970703125,393.8892822265625,3632.32177734375,1398.8323974609375,816.82666015625,3020.31787109375
2025-09-17,950.7747192382812,1419.199951171875,1467.685546875,390.2659606933594,3649.8505859375,1407.2933349609375,841.973388671875,3046.338134765625
2025-09-18,961.0055541992188,1421.699951171875,1485.2313232421875,392.4113464355469,3650.345703125,1408.4876708984375,839.222900390625,3050.08251953125
2025-09-19,951.168212890625,1402.199951171875,1484.845703125,391.5531921386719,3639.84814453125,1400.9227294921875,847.081298828125,3042.881103515625
2025-09-22,948.5121459960938,1401.5,1445.6083984375,388.0252990722656,3609.2470703125,1384.199951171875,840.1069946289062,2951.2841796875
2025-09-23,941.6260375976562,1394.300048828125,1443.6802978515625,384.4496765136719,3622.220458984375,1383.40380859375,855.1851806640625,2940.338134765625
2025-09-24,935.5761108398438,1382.699951171875,1440.884521484375,382.3519592285156,3638.263916015625,1376.635009765625,850.8631591796875,2914.414306640625
2025-09-25,934.3955688476562,1375.800048828125,1431.4368896484375,381.4938354492188,3609.14794921875,1366.0838623046875,845.902587890625,2839.5234375
2025-09-26,929.6737060546876,1359.5999755859375,1396.8270263671875,386.2612915039063,3693.425048828125,1371.2598876953125,841.7769165039062,2783.547119140625
2025-09-29,934.8382568359376,1348.0999755859375,1389.982177734375,388.3113098144531,3652.722412109375,1366.48193359375,855.3325805664062,2780.666748046875
2025-09-30,935.5269165039062,1348.0,1389.982177734375,382.8763732910156,3623.60693359375,1357.722412109375,857.0025024414062,2773.273193359375
2025-10-01,949.5450439453124,1372.0,1393.8385009765625,386.7380676269531,3634.797607421875,1362.4007568359375,848.80029296875,2798.04541015625
2025-10-03,949.4467163085938,1365.199951171875,1394.609619140625,385.4985046386719,3696.990234375,1357.125244140625,851.9436645507812,2786.2353515625
2025-10-06,957.6116333007812,1363.4000244140625,1422.9530029296875,382.1135864257813,3700.8525390625,1368.671875,858.5741577148438,2869.287353515625
2025-10-07,966.514404296875,1375.9000244140625,1406.0819091796875,381.2077941894531,3693.623046875,1378.4267578125,849.3897094726562,2855.173583984375
2025-10-08,962.7762451171876,1370.300048828125,1441.2701416015625,381.16009521484375,3693.72216796875,1361.1068115234375,843.0538940429688,2906.541015625
2025-10-09,961.2022094726562,1376.199951171875,1455.0562744140625,381.3031005859375,3732.740966796875,1371.458984375,846.835693359375,2939.666259765625
2025-10-10,964.9404296875,1380.300048828125,1460.4549560546875,384.0682678222656,3747.397705078125,1375.3409423828125,865.0573120117188,2907.597412109375
2025-10-13,961.1038818359376,1379.4000244140625,1439.5347900390625,380.683349609375,3733.0380859375,1368.671875,867.3165893554688,2887.33837890625
2025-10-14,961.25146484375,1384.0999755859375,1436.353515625,378.3472595214844,3708.081787109375,1369.5677490234375,861.4227905273438,2842.307861328125
2025-10-15,962.3335571289062,1398.4000244140625,1421.4105224609375,381.3031005859375,3791.665283203125,1367.97509765625,870.4107666015625,2862.06396484375
2025-10-16,978.1715698242188,1417.300048828125,1418.61474609375,386.3089904785156,3824.4453125,1391.8646240234375,871.2457275390625,2862.931396484375
2025-10-17,986.2381591796876,1436.5999755859375,1389.3072509765625,392.9834289550781,3802.261962890625,1410.279541015625,873.4067993164062,2854.739501953125
2025-10-20,986.6316528320312,1390.300048828125,1408.395751953125,393.8415832519531,3835.23974609375,1460.04931640625,891.431884765625,2905.81689453125
2025-10-21,991.3043823242188,1382.0,1419.482421875,393.6509094238281,3850.58984375,1458.4566650390625,891.775634765625,2897.62548828125
2025-10-23,992.386474609375,1363.699951171875,1473.566162109375,396.6067504882813,3880.794921875,1441.7340087890625,895.41015625,2961.712890625
2025-10-24,978.5650634765624,1377.699951171875,1470.57763671875,397.4172058105469,3867.128173828125,1444.9193115234375,888.4849853515625,2952.07568359375
2025-10-27,986.6316528320312,1377.5999755859375,1472.633056640625,401.0881652832031,3885.845703125,1477.2696533203125,906.411865234375,2972.98828125
2025-10-28,987.2218627929688,1363.0999755859375,1468.4241943359375,398.466064453125,3934.37158203125,1480.056884765625,913.779052734375,2946.968017578125
2025-10-29,991.451904296875,1370.4000244140625,1478.408203125,401.9940185546875,3919.81396484375,1497.277099609375,923.11083984375,2946.678955078125
2025-10-30,981.9097900390624,1362.4000244140625,1462.1597900390625,399.2765197753906,3948.929443359375,1481.6494140625,917.8064575195312,2925.187744140625
2025-10-31,971.2362670898438,1345.300048828125,1450.9034423828125,400.8021545410156,3991.909423828125,1479.5592041015625,920.4095458984376,2947.064208984375
2025-11-03,976.499267578125,1346.4000244140625,1454.0355224609375,394.6997680664063,3941.9970703125,1477.866943359375,932.8847045898438,2907.35888671875
2025-11-04,969.2196655273438,1336.9000244140625,1436.808349609375,389.8845825195313,3886.439697265625,1466.3203125,940.644775390625,2881.72412109375
2025-11-06,968.6294555664062,1320.4000244140625,1435.6336669921875,388.5496826171875,3844.053955078125,1489.2144775390625,943.739013671875,2901.673095703125
2025-11-07,966.317626953125,1343.0,1445.5198974609375,385.2601318359375,3844.945068359375,1471.19775390625,938.92578125,2883.26611328125
2025-11-10,968.4818725585938,1348.0,1481.4425048828125,386.69036865234375,3880.596923828125,1482.44580078125,934.3090209960938,2915.4541015625
2025-11-11,975.564697265625,1358.300048828125,1497.88671875,387.929931640625,3916.74365234375,1486.5269775390625,936.4209594726562,2936.46337890625
2025-11-12,973.4005126953124,1358.9000244140625,1518.8333740234375,388.0729370117188,3916.34765625,1504.5435791015625,940.2028198242188,3018.18701171875
2025-11-13,970.596923828125,1385.9000244140625,1509.14306640625,386.83343505859375,3963.7841796875,1503.9464111328125,937.1085815429688,2993.033935546875
2025-11-14,973.4988403320312,1373.0,1470.9691162109375,389.1694641113281,3965.665771484375,1511.9095458984375,950.7133178710938,2993.322998046875
2025-11-17,980.3357543945312,1379.0,1475.66748046875,388.1683044433594,3988.740478515625,1511.3123779296875,956.1159057617188,2989.660888671875
2025-11-18,976.302490234375,1373.4000244140625,1454.91650390625,386.9764404296875,3960.912353515625,1512.4072265625,955.2318725585938,2975.10888671875
2025-11-19,978.41748046875,1383.0999755859375,1508.4578857421875,384.7833862304688,3980.718994140625,1511.9095458984375,965.3494873046876,3033.51025390625
2025-11-20,992.4356689453124,1383.0,1503.955322265625,386.5950317382813,3998.3466796875,1541.9705810546875,964.1707153320312,3030.7158203125
2025-11-21,981.8114013671876,1369.5,1512.2752685546875,388.8834228515625,3985.967529296875,1539.4820556640625,955.3792114257812,3036.304931640625
2025-11-24,982.8934936523438,1368.4000244140625,1515.2117919921875,384.7833862304688,3974.47998046875,1528.831298828125,953.4146118164062,3027.24609375
2025-11-25,973.6956176757812,1357.800048828125,1498.1802978515625,382.1612548828125,3958.040283203125,1532.61376953125,966.1844482421876,3006.044189453125
2025-11-26,987.5662231445312,1375.0,1524.902099609375,383.5915222167969,4022.708740234375,1562.6748046875,966.4791870117188,3048.15869140625
2025-11-27,993.0750732421876,1392.199951171875,1533.2220458984375,385.4985046386719,4041.822021484375,1556.2047119140625,955.624755859375,3022.81298828125
2025-11-28,991.2059936523438,1388.800048828125,1527.055419921875,385.4508361816406,4030.2353515625,1560.285888671875,961.6658935546876,3023.68017578125
2025-12-01,985.7954711914062,1390.0999755859375,1530.872802734375,385.4508361816406,4033.80029296875,1558.892333984375,955.870361328125,3019.728759765625
2025-12-02,973.6956176757812,1373.0,1527.9364013671875,382.3043212890625,3991.513427734375,1539.1834716796875,950.1730346679688,3021.945556640625
2025-12-03,984.2214965820312,1391.5,1545.261474609375,381.875244140625,3949.424560546875,1531.718017578125,934.2107543945312,3064.638427734375
2025-12-04,980.9752197265624,1386.699951171875,1563.7611083984375,384.3066101074219,3945.067138671875,1528.53271484375,931.31298828125,3112.053466796875
2025-12-05,986.9759521484376,1392.5,1581.9671630859375,386.1182861328125,3999.138916015625,1533.5096435546875,954.2987060546876,3120.72705078125
2025-12-08,986.7791748046876,1389.5999755859375,1576.681640625,383.5915222167969,3958.040283203125,1535.898681640625,939.466064453125,3119.0888671875
2025-12-09,980.8768310546876,1375.199951171875,1565.1314697265625,382.399658203125,3958.832763671875,1522.3612060546875,942.3638305664062,3091.911865234375
2025-12-10,973.6956176757812,1363.5999755859375,1551.2322998046875,384.4019775390625,3952.692626953125,1529.8267822265625,942.7567749023438,3073.5048828125
2025-12-11,984.0247802734376,1360.0,1564.1527099609375,384.1636047363281,3965.170654296875,1537.889404296875,946.1947631835938,3076.106689453125
2025-12-12,985.2052612304688,1366.0,1564.348388671875,381.4938354492188,4034.69189453125,1549.3365478515625,946.0965576171876,3103.669189453125
2025-12-15,979.89306640625,1365.199951171875,1572.766357421875,383.5915222167969,4052.7158203125,1549.037841796875,950.1239624023438,3113.017333984375
2025-12-16,978.1223754882812,1366.0,1559.1607666015625,383.0194091796875,4024.491455078125,1535.201904296875,944.1319580078124,3088.828125
2025-12-17,967.989990234375,1352.4000244140625,1568.0679931640625,381.2077941894531,4023.104736328125,1537.292236328125,958.5716552734376,3101.0673828125
2025-12-18,963.7599487304688,1356.800048828125,1592.3427734375,381.7798767089844,3992.107666015625,1537.292236328125,960.2415771484376,3161.781982421875
2025-12-19,969.465576171875,1354.0999755859375,1603.9906005859375,382.399658203125,4034.097412109375,1557.8968505859375,962.94287109375,3162.938232421875
2025-12-22,971.6298217773438,1368.5,1653.8125,383.9729309082031,4033.008056640625,1568.1495361328125,957.0491333007812,3204.281982421875
2025-12-23,980.3849487304688,1363.0,1632.9637451171875,388.40667724609375,4019.539794921875,1563.4710693359375,954.691650390625,3189.92236328125
2025-12-24,980.9752197265624,1359.800048828125,1628.16748046875,387.6915588378906,4014.39013671875,1551.0286865234375,951.7938842773438,3198.595947265625
2025-12-26,975.9581909179688,1350.4000244140625,1621.0220947265625,385.3554992675781,4008.15087890625,1552.0240478515625,949.1907348632812,3161.010986328125
2025-12-29,975.564697265625,1343.300048828125,1609.863525390625,383.8775634765625,3999.634033203125,1538.4866943359375,947.962890625,3133.54443359375
2025-12-30,974.7777709960938,1342.5,1587.2528076171875,381.9705810546875,4012.805419921875,1532.71337890625,956.2141723632812,3129.01513671875
2025-12-31,975.0728759765624,1342.9000244140625,1581.1842041015625,384.2589721679688,4044.000732421875,1563.172607421875,964.8092651367188,3089.887939453125
2026-01-01,975.023681640625,1338.0,1595.2791748046875,346.9295959472656,4100.35009765625,1568.3485107421875,967.3140869140624,3110.31884765625
2026-01-02,985.3035888671876,1355.4000244140625,1605.6546630859375,333.77130126953125,4123.1279296875,1584.9718017578125,981.2626953125,3132.773681640625
2026-01-05,961.5957641601562,1371.5,1572.374755859375,333.4376220703125,4110.25341796875,1570.8370361328125,987.7457885742188,3099.428955078125
2026-01-06,946.544677734375,1411.199951171875,1578.0518798828125,326.5248107910156,4100.54833984375,1500.6614990234375,1000.8594360351562,3137.688720703125
2026-01-07,933.608642578125,1427.699951171875,1604.2843017578125,325.3805847167969,4116.7900390625,1497.277099609375,989.3175048828124,3176.044921875
2026-01-08,931.296875,1435.0,1579.128662109375,325.0468444824219,3989.43359375,1463.831787109375,980.3294677734376,3087.67138671875
2026-01-09,923.72216796875,1404.300048828125,1579.91162109375,321.47125244140625,3986.2646484375,1468.51025390625,982.7852172851562,3091.429931640625
2026-01-12,921.7055053710938,1413.0999755859375,1562.09716796875,322.6631164550781,3980.124755859375,1476.373779296875,997.1758422851562,3122.07666015625
2026-01-13,922.0989990234376,1437.0,1565.1314697265625,319.1351928710937,3849.797607421875,1446.11376953125,1010.2402954101562,3149.446044921875
2026-01-14,910.3926391601562,1418.4000244140625,1565.91455078125,319.182861328125,3828.40673828125,1452.086181640625,1010.14208984375,3076.68505859375
2026-01-15,910.3926391601562,1418.4000244140625,1565.91455078125,319.182861328125,3828.40673828125,1452.086181640625,1010.14208984375,3076.68505859375
2026-01-16,915.95068359375,1410.800048828125,1654.00830078125,313.8909606933594,3819.097412109375,1451.1903076171875,1023.8451538085938,3146.54931640625
2026-01-19,912.8027954101562,1380.5999755859375,1645.59033203125,317.7049255371094,3832.367919921875,1407.0941162109375,1020.0142211914062,3104.258056640625
2026-01-20,916.049072265625,1375.800048828125,1623.7628173828125,311.12579345703125,3773.6416015625,1387.5843505859375,1018.0496215820312,3044.10791015625
2026-01-21,905.3755493164062,1349.0,1619.358154296875,309.6478881835937,3730.067138671875,1398.1356201171875,1010.4368286132812,3064.027099609375
2026-01-22,903.75244140625,1345.5,1628.265380859375,309.7432556152344,3757.10302734375,1396.0452880859375,1029.7879638671875,3091.305419921875
2026-01-23,901.1947021484376,1343.4000244140625,1635.4107666015625,308.36065673828125,3707.586669921875,1379.720703125,1011.271728515625,3103.178466796875
2026-01-27,911.3272094726562,1361.4000244140625,1647.05859375,303.83154296875,3751.1611328125,1374.146484375,1034.5030517578125,3098.762939453125
2026-01-28,917.524658203125,1367.699951171875,1631.2017822265625,306.2153015136719,3757.301025390625,1390.2718505859375,1044.6697998046875,3140.073486328125
2026-01-29,920.2791137695312,1383.5999755859375,1624.35009765625,303.7839050292969,3894.857421875,1384.59814453125,1047.3218994140625,3085.41796875
2026-01-30,914.1307983398438,1355.0,1606.241943359375,307.1687927246094,3894.263427734375,1388.9779052734375,1058.078125,3065.302490234375
2026-02-02,912.9994506835938,1352.800048828125,1594.8875732421875,300.06524658203125,3883.369873046875,1384.0009765625,1010.4859008789062,3110.1455078125
2026-02-03,933.2643432617188,1389.699951171875,1620.9241943359375,301.924560546875,3999.733154296875,1430.4859619140625,1045.3572998046875,3164.800537109375
2026-02-04,937.5927124023438,1408.4000244140625,1503.2701416015625,305.5264587402344,4047.566162109375,1450.095458984375,1049.2864990234375,2942.84375
2026-02-05,934.248046875,1396.5,1488.00048828125,301.9732666015625,4023.996337890625,1436.757080078125,1054.49267578125,2935.38623046875
2026-02-06,925.7879638671876,1406.0999755859375,1475.177978515625,317.1595153808594,4028.749755859375,1444.123046875,1047.5184326171875,2886.422119140625
2026-02-09,922.0006103515624,1396.300048828125,1465.4876708984375,314.23907470703125,4073.809814453125,1454.873291015625,1125.708984375,2892.8984375
2026-02-10,917.2295532226562,1406.5,1466.0750732421875,312.876220703125,4128.673828125,1451.7874755859375,1123.8426513671875,2928.61572265625
2026-02-11,912.0157470703124,1406.0999755859375,1440.7236328125,309.80975341796875,4130.06005859375,1461.9405517578125,1161.9556884765625,2855.21875
2026-02-12,905.6215209960938,1430.0,1356.64306640625,309.0309753417969,4145.41015625,1442.231689453125,1171.2874755859375,2698.51416015625
2026-02-13,889.1932373046875,1414.5999755859375,1340.1009521484375,305.4291076660156,4133.5263671875,1413.0665283203125,1177.377685546875,2641.7001953125
2026-02-16,910.7368774414062,1411.5999755859375,1336.6751708984375,309.5177307128906,4160.859375,1430.4859619140625,1186.70947265625,2655.830322265625
2026-02-17,910.6385498046876,1407.5,1361.73291015625,316.8188171386719,4238.40185546875,1416.450927734375,1191.9156494140625,2666.427490234375
2026-02-18,909.6548461914062,1408.199951171875,1344.603515625,323.6331787109375,4284.05615234375,1434.666748046875,1197.3182373046875,2644.349609375
2026-02-19,900.702880859375,1388.800048828125,1341.471435546875,317.3542175292969,4239.09521484375,1403.0130615234375,1184.3519287109375,2627.66845703125
2026-02-20,897.0138549804688,1394.5,1324.5377197265625,318.32769775390625,4338.22705078125,1412.8675537109375,1194.5677490234375,2635.812744140625
2026-02-23,908.5726928710938,1399.4000244140625,1299.3822021484375,316.7701416015625,4375.3642578125,1421.4278564453125,1206.0606689453125,2626.0986328125
2026-02-24,895.6858520507812,1384.800048828125,1248.4835205078125,314.9205322265625,4218.00146484375,1422.2242431640625,1201.640380859375,2525.423095703125
2026-02-25,892.8330078125,1400.5,1262.7742919921875,311.2699890136719,4256.9208984375,1392.063720703125,1178.85107421875,2579.980224609375
2026-02-26,883.9794311523438,1404.9000244140625,1261.7955322265625,309.8584289550781,4245.037109375,1400.3255615234375,1188.084716796875,2598.034912109375
2026-02-27,873.3060302734375,1378.9000244140625,1272.5625,305.2830810546875,4236.91650390625,1387.48486328125,1180.4227294921875,2587.92822265625
2026-03-02,865.0918579101562,1374.0,1261.5997314453125,306.548583984375,4027.36328125,1351.75,1168.831787109375,2564.4765625
2026-03-04,854.5167846679688,1365.4000244140625,1279.7078857421875,303.6768493652344,3845.044189453125,1338.8099365234375,1153.704345703125,2539.2587890625
2026-03-05,863.4686889648438,1357.5999755859375,1278.141845703125,303.23876953125,3999.634033203125,1383.005615234375,1148.79296875,2530.427490234375
2026-03-06,843.10546875,1313.4000244140625,1280.686767578125,301.48651123046875,3911.593994140625,1398.334716796875,1122.7620849609375,2509.625244140625
2026-03-09,827.0215454101562,1278.4000244140625,1287.14697265625,297.8846435546875,3804.93603515625,1417.4462890625,1079.050048828125,2479.991455078125
2026-03-10,835.629150390625,1311.9000244140625,1268.1578369140625,300.8537292480469,3838.5078125,1402.3162841796875,1092.5074462890625,2465.9599609375
2026-03-11,820.38134765625,1294.5999755859375,1249.2667236328125,300.8050842285156,3801.667724609375,1383.8017578125,1071.781005859375,2418.663818359375
2026-03-12,819.2008666992188,1266.5,1238.9891357421875,296.0350341796875,3683.521728515625,1385.7926025390625,1065.9854736328125,2396.5859375
2026-03-13,803.7071533203125,1254.800048828125,1221.8597412109375,293.455322265625,3405.73486328125,1374.3455810546875,1028.4619140625,2365.284423828125
2026-03-16,826.9231567382812,1272.9000244140625,1223.3280029296875,300.0749816894531,3435.8408203125,1388.6793212890625,1047.8131103515625,2364.0087890625
2026-03-17,831.5958251953125,1288.699951171875,1206.785888671875,296.76513671875,3508.531005859375,1391.167724609375,1045.8485107421875,2346.8369140625
2026-03-18,829.333251953125,1289.300048828125,1240.261474609375,295.986328125,3573.001220703125,1401.6195068359375,1050.8582763671875,2395.01611328125
2026-03-19,785.2130126953125,1250.0999755859375,1194.9422607421875,290.0968017578125,3401.278564453125,1378.4267578125,1030.3282470703125,2311.806640625
2026-03-20,767.7518310546875,1245.4000244140625,1229.2987060546875,291.9950866699219,3401.57568359375,1407.8905029296875,1039.26708984375,2345.7578125
2026-03-23,732.04248046875,1222.699951171875,1230.1796875,282.7470397949219,3310.0693359375,1401.3209228515625,1013.6292724609376,2339.085205078125
2026-03-24,752.454833984375,1251.199951171875,1251.224365234375,283.5258178710937,3482.782470703125,1405.302490234375,1012.5487670898438,2353.803955078125
2026-03-25,769.5717163085938,1259.699951171875,1252.00732421875,287.8578186035156,3614.000732421875,1406.596435546875,1041.821044921875,2332.80517578125
2026-03-27,743.8963623046875,1233.800048828125,1242.806396484375,286.88433837890625,3529.625,1341.8956298828125,1001.4487915039062,2344.97265625
2026-03-30,719.6473999023438,1205.9000244140625,1224.1109619140625,280.0699768066406,3470.205322265625,1337.7149658203125,962.058837890625,2314.652099609375
2026-04-01,730.17333984375,1212.699951171875,1248.6793212890625,283.9638977050781,3572.60498046875,1362.8984375,999.7789306640624,2363.027587890625
2026-04-02,738.6826171875,1215.800048828125,1273.247802734375,285.0834045410156,3578.151123046875,1344.2845458984375,1000.3683471679688,2404.730224609375
2026-04-06,758.45556640625,1231.4000244140625,1278.5333251953125,287.0303649902344,3691.642333984375,1298.6953125,1014.4642333984376,2427.4951171875
2026-04-07,759.4392700195312,1245.5,1311.0301513671875,290.5348815917969,3687.284912109375,1298.5958251953125,1012.1558227539062,2492.1591796875
2026-04-08,802.82177734375,1309.199951171875,1317.68603515625,294.4288024902344,3967.1513671875,1341.5970458984375,1042.656005859375,2511.195068359375
2026-04-09,784.72119140625,1281.300048828125,1303.395263671875,294.9642028808594,3858.512451171875,1323.87890625,1022.5189819335938,2540.43603515625
2026-04-10,797.1161499023438,1321.9000244140625,1265.12353515625,296.1810607910156,3921.59619140625,1343.9859619140625,1047.8131103515625,2476.94970703125
2026-04-13,781.7699584960938,1351.0999755859375,1249.756103515625,290.72955322265625,3916.050537109375,1309.0474853515625,1044.7188720703125,2426.2197265625
2026-04-15,796.72265625,1348.0999755859375,1277.6524658203125,294.0393981933594,4036.87060546875,1337.9140625,1052.528076171875,2506.9755859375
2026-04-16,782.5077514648438,1345.5,1291.2579345703125,295.35357666015625,4079.949462890625,1337.1177978515625,1048.255126953125,2528.56298828125
2026-04-17,786.8853759765625,1346.800048828125,1290.7685546875,298.6634216308594,4056.47900390625,1358.7178955078125,1061.1231689453125,2533.076904296875
2026-04-20,782.5077514648438,1356.199951171875,1284.7977294921875,296.9111633300781,4011.815185546875,1357.0257568359375,1088.2344970703125,2531.212646484375
2026-04-21,798.5425415039062,1388.4000244140625,1285.385009765625,301.4378356933594,4035.97900390625,1347.07177734375,1092.1636962890625,2561.532958984375
2026-04-22,786.8853759765625,1367.5999755859375,1241.729736328125,297.3978881835937,3982.20458984375,1355.8311767578125,1083.76513671875,2490.88330078125
2026-04-23,771.5883178710938,1348.0,1214.32275390625,297.20318603515625,4014.88525390625,1337.21728515625,1074.875244140625,2474.49658203125
2026-04-24,772.0802001953125,1326.199951171875,1130.144287109375,293.6013488769531,3975.47021484375,1321.6890869140625,1081.60400390625,2351.939453125
2026-04-27,776.9496459960938,1314.0999755859375,1145.5118408203125,295.7916564941406,4014.39013671875,1359.51416015625,1092.1636962890625,2401.6884765625
2026-04-28,769.817626953125,1292.0,1127.697265625,296.3757629394531,3998.643798828125,1382.5078125,1071.9775390625,2398.8427734375
2026-04-29,766.3253784179688,1281.0,1142.7711181640625,307.86279296875,4056.47900390625,1418.83984375,1067.655517578125,2428.280029296875
2026-04-30,759.1441650390625,1263.4000244140625,1156.768310546875,306.548583984375,3975.173095703125,1424.215087890625,1049.5321044921875,2427.4951171875
2026-05-01,759.1441650390625,1263.4000244140625,1156.768310546875,306.548583984375,3975.173095703125,1424.215087890625,1049.5321044921875,2427.4951171875
2026-05-04,766.7189331054688,1270.800048828125,1143.652099609375,302.8493957519531,4061.13330078125,1456.3663330078125,1049.4830322265625,2385.6943359375
2026-05-05,759.734375,1251.300048828125,1153.1466064453125,303.19012451171875,4015.28125,1456.864013671875,1041.133544921875,2381.769287109375
2026-05-06,783.58984375,1279.5,1142.4774169921875,302.4599914550781,3969.726318359375,1431.2823486328125,1076.5943603515625,2389.717041015625
2026-05-07,783.0979614257812,1279.0,1138.07275390625,299.2474975585937,3984.0859375,1429.590087890625,1072.6651611328125,2356.35498046875
2026-05-08,768.145263671875,1264.800048828125,1154.2232666015625,299.29620361328125,3936.05517578125,1428.5947265625,1001.2523193359376,2349.486328125
2026-05-11,751.2251586914062,1266.4000244140625,1152.0699462890625,297.7386169433594,3902.0869140625,1381.81103515625,956.3615112304688,2348.014404296875
2026-05-12,738.2399291992188,1240.300048828125,1116.1473388671875,292.7252197265625,3819.196533203125,1357.722412109375,957.3438110351562,2257.151611328125
2026-05-13,737.4037475585938,1235.5999755859375,1099.3115234375,296.3757629394531,3877.923095703125,1352.54638671875,952.9234619140624,2230.16748046875
2026-05-14,757.0291748046875,1246.0,1071.8067626953125,299.0528259277344,3902.284912109375,1355.5325927734375,962.5499877929688,2203.8701171875
2026-05-15,755.0125122070312,1244.5,1095.2984619140625,301.2431640625,3871.188720703125,1330.24951171875,963.2000122070312,2221.5322265625
2026-05-18,756.143798828125,1251.0999755859375,1118.3006591796875,301.924560546875,3879.903564453125,1329.7518310546875,939.4000244140624,2240.3720703125
2026-05-19,750.044677734375,1240.800048828125,1171.5484619140625,302.0705871582031,3883.07275390625,1316.6124267578125,948.7999877929688,2283.448974609375
2026-05-20,747.1427001953125,1237.300048828125,1168.4161376953125,299.3935241699219,3872.872314453125,1353.442138671875,950.9000244140624,2283.742919921875
2026-05-21,746.7984008789062,1242.800048828125,1156.180908203125,299.8802490234375,3890.5,1343.388671875,950.9000244140624,2283.546875
2026-05-22,754.3239135742188,1264.300048828125,1149.622802734375,293.6986999511719,3926.60009765625,1348.26611328125,949.2000122070312,2273.832763671875
2026-05-25,774.0476684570312,1291.800048828125,1143.75,295.8890075683594,4033.39990234375,1360.7086181640625,969.5999755859376,2295.61328125
2026-05-26,766.22705078125,1279.0999755859375,1142.966796875,293.6499938964844,4037.800048828125,1350.0579833984375,968.5,2263.78759765625
2026-05-27,746.3065185546875,1272.699951171875,1135.3321533203125,291.95001220703125,4047.5,1344.2845458984375,967.7999877929688,2271.744140625
2026-05-28,746.3065185546875,1272.699951171875,1135.3321533203125,291.95001220703125,4047.5,1344.2845458984375,967.7999877929688,2271.744140625
2026-05-29,732.4359130859375,1256.4000244140625,1136.3109130859375,286.8999938964844,4076.5,1315.119384765625,964.4000244140624,2246.58203125
2026-06-01,730.6160278320312,1239.699951171875,1177.02978515625,279.6499938964844,4010.800048828125,1313.9249267578125,954.0999755859376,2284.8720703125
2026-06-02,736.0757446289062,1226.5999755859375,1243.8831787109375,283.25,4000.89990234375,1308.5498046875,956.6500244140624,2433.556884765625
2026-06-03,741.3878784179688,1242.0,1196.7039794921875,277.0,3953.199951171875,1307.15625,970.4500122070312,2229.475830078125
2026-06-04,741.9288940429688,1251.699951171875,1175.855224609375,280.29998779296875,3942.10009765625,1297.699951171875,979.25,2228.77978515625
2026-06-05,734.8952026367188,1262.0999755859375,1172.1357421875,280.70001220703125,3953.199951171875,1291.0,977.7000122070312,2186.9091796875
2026-06-08,726.6319580078125,1250.199951171875,1162.4453125,279.45001220703125,3875.5,1263.300048828125,981.9500122070312,2139.668212890625
2026-06-09,726.3367919921875,1275.0,1155.300048828125,280.0,3900.60009765625,1269.199951171875,1002.7000122070312,2139.2705078125
2026-06-10,734.698486328125,1293.300048828125,1145.300048828125,283.6499938964844,3917.5,1258.800048828125,1003.25,2142.154541015625
2026-06-11,732.485107421875,1317.0,1114.5999755859375,282.3999938964844,3862.0,1263.0,1000.7000122070312,2123.95458984375
2026-06-12,759.8819580078125,1340.800048828125,1116.4000244140625,285.1000061035156,4049.300048828125,1293.0,1017.1500244140624,2149.61376953125
2026-06-15,764.7022094726562,1327.5999755859375,1134.9000244140625,287.8999938964844,4169.7998046875,1307.0,1020.8499755859376,2150.21044921875
2026-06-16,772.1294555664062,1334.300048828125,1143.5999755859375,291.6499938964844,4186.39990234375,1328.800048828125,1015.2999877929688,2187.0087890625
2026-06-17,774.2935791015625,1336.800048828125,1157.699951171875,290.75,4207.7001953125,1332.699951171875,1026.5,2210.8779296875
2026-06-18,786.0,1342.300048828125,1127.5,291.1499938964844,4190.0,1328.0999755859375,1042.699951171875,2191.285400390625
2026-06-19,779.7999877929688,1346.5,1051.4000244140625,292.5,4209.39990234375,1309.5,1035.0999755859375,2113.412353515625
2026-06-22,786.4000244140625,1352.4000244140625,1065.4000244140625,291.25,4201.2998046875,1326.5,1040.75,2116.197021484375
2026-06-23,774.6500244140625,1338.300048828125,1029.300048828125,290.0,4179.39990234375,1309.5,1024.199951171875,2048.368896484375
2026-06-24,793.2000122070312,1373.5999755859375,1056.5999755859375,290.3500061035156,4181.7001953125,1313.5999755859375,1034.5999755859375,2097.49951171875
2026-06-25,796.2999877929688,1387.5,1041.199951171875,290.0,4216.39990234375,1318.0999755859375,1045.4000244140625,2083.27734375
2026-06-26,796.2999877929688,1387.5,1041.199951171875,290.0,4216.39990234375,1318.0999755859375,1045.4000244140625,2083.27734375
2026-06-29,798.9000244140625,1387.5999755859375,1036.699951171875,290.70001220703125,4165.2001953125,1301.0,1036.0999755859375,2086.4599609375
2026-06-30,797.9500122070312,1375.199951171875,1000.4000244140624,286.95001220703125,4143.39990234375,1293.9000244140625,1026.9000244140625,2020.422119140625
2026-07-01,796.1500244140625,1379.800048828125,985.2999877929688,290.29998779296875,4092.60009765625,1308.0,1047.4000244140625,1971.788818359375
2026-07-02,795.9000244140625,1400.0,1040.9000244140625,289.8999938964844,4059.39990234375,1303.5,1051.5999755859375,2056.82275390625
2026-07-03,801.0499877929688,1411.4000244140625,1047.199951171875,289.95001220703125,4026.60009765625,1304.0,1040.0,2082.083984375
2026-07-06,829.8499755859375,1426.9000244140625,1042.199951171875,288.25,4041.0,1321.300048828125,1037.699951171875,2046.3798828125
2026-07-07,829.2999877929688,1414.699951171875,1071.800048828125,288.75,3991.89990234375,1308.4000244140625,1038.0999755859375,2084.669921875
2026-07-08,810.2999877929688,1380.5999755859375,1069.300048828125,280.6499938964844,3892.10009765625,1275.9000244140625,1016.9000244140624,2046.2803955078125
2026-07-09,817.5499877929688,1380.699951171875,1050.800048828125,282.04998779296875,3886.0,1279.800048828125,1022.0999755859376,2038.323974609375
2026-07-10,824.9500122070312,1401.199951171875,1068.0,281.75,3945.800048828125,1307.800048828125,1036.0,2057.717529296875
2026-07-13,817.9500122070312,1409.5,1102.5999755859375,279.6499938964844,3928.5,1296.9000244140625,1037.0,2169.604248046875
2026-07-14,809.4000244140625,1407.699951171875,1092.9000244140625,275.54998779296875,3848.699951171875,1293.0,1015.4000244140624,2188.60009765625
2026-07-15,815.4500122070312,1416.199951171875,1076.300048828125,276.6499938964844,3783.89990234375,1295.5,1030.0999755859375,2189.199951171875
2026-07-16,808.2999877929688,1418.199951171875,1082.4000244140625,279.3500061035156,3775.60009765625,1296.5999755859375,1031.199951171875,2201.0
2026-07-17,819.5999755859375,1444.300048828125,1096.5,280.70001220703125,3814.5,1327.199951171875,1044.300048828125,2269.0
2026-07-20,777.5999755859375,1460.199951171875,1087.0999755859375,282.70001220703125,3838.800048828125,1323.0999755859375,1060.0,2251.10009765625
2026-07-21,761.4500122070312,1463.0999755859375,1073.5,281.0,3846.60009765625,1303.699951171875,1044.4000244140625,2221.10009765625
2026-07-22,753.1500244140625,1440.699951171875,1052.0999755859375,280.79998779296875,3817.39990234375,1288.5999755859375,1025.0,2208.300048828125
2026-07-23,747.25,1434.5999755859375,1047.4000244140625,281.29998779296875,3792.39990234375,1272.199951171875,1012.5999755859376,2242.89990234375
2026-07-24,742.7999877929688,1432.9000244140625,1040.9000244140625,283.45001220703125,3785.60009765625,1278.0,1015.0,2254.300048828125
2026-07-27,739.5499877929688,1445.699951171875,1079.199951171875,285.8500061035156,3806.0,1280.0,1020.5999755859376,2295.60009765625
2026-07-28,735.4000244140625,1430.800048828125,1105.699951171875,284.6499938964844,3832.0,1267.699951171875,1013.2000122070312,2398.0
